site,site_code,date,site_type,transect,zone,position_mlh,h_slope,v_slope,fucus_pc,barnacl_25pc,mast,ulva,ent,porphyra,diatoms,rcr,rfa,gfa,isopods,chth,bal,myt,encr_bryo,red_bryo,brown_bryo,mastj,mastp,hemi,rbr,rbr2,rbr3,amph,b-red,sponge,or_sp,ye_sp,mene,caul,pag_h,wasp,teg_chl,mazz,mazz2,mazz_s,mazz_f,sarg,pag_s,r_myt,chond,polyn,polys,crypto,mya,neries,zost,gunnel,schyz,prio,small_white_barn,egregia,microcladia,sip_brown,myt_ca,calli,chaeto,hetero-sip,limpet_n,chiton_n,littorine_n,mytilus_n,myt_ca_n,brown_mussel_n,oyster_n,oyster_scar_n,pag_n,grapsid_n,claw_n,mene_n,mya_n,cockle_n,green_crab_n,shore_crab_n,clam_n,tegula_n,notes,notes_position_mlh,notes_transect,notes_fucus_pc
Brickyard Park,BPB,5/10/2019,bench,1,Low,1.5,6.4,8.7,0,24,0,1,0,0,0,1,0,0,1,0,1,1,1,0,0,0,0,0,0,0,0,1,0,1,0,0,1,0,0,0,0,0,0,0,0,0,0,0,0,0,0,0,0,0,0,0,0,0,0,0,0,0,0,0,0,0,0,0,0,1,0,0,6,2,0,0,0,0,0,0,0,0,0,0,,,,
Brickyard Park,BPB,5/10/2019,bench,1,Mid,11.4,14.3,19.3,70,2,0,0,0,0,0,0,0,0,1,1,1,0,0,0,0,0,0,0,0,0,0,1,1,0,0,0,0,0,0,0,0,0,0,0,0,0,0,0,0,0,0,0,0,0,0,0,0,0,0,0,0,0,0,0,0,0,0,0,24,0,0,0,0,0,0,0,0,0,0,0,0,0,0,0,,,,
Brickyard Park,BPB,5/10/2019,bench,2,Low,1,0.5,2.6,0,3,0,1,0,0,0,0,0,0,1,0,1,0,1,0,0,0,0,0,0,0,0,0,0,1,0,0,0,0,0,0,0,0,0,0,0,0,0,0,0,0,0,0,0,0,0,0,0,0,0,0,0,0,0,0,0,0,0,0,0,0,0,0,1,9,0,0,0,0,0,0,0,0,0,0,,,,
Brickyard Park,BPB,5/10/2019,bench,2,Mid,13.2,6.5,10.9,40,9,0,0,0,0,0,0,0,0,0,1,1,0,0,0,0,0,0,0,1,0,0,0,1,0,0,0,0,0,0,0,0,0,0,0,0,0,0,0,0,0,0,0,0,0,0,0,0,0,0,0,0,0,0,0,0,0,1,0,1,2,0,0,0,0,0,0,0,0,0,0,0,0,0,0,,,,
Brickyard Park,BPB,5/10/2019,bench,3,Low,1,2.1,2.3,0,3,0,1,0,0,0,0,0,0,1,0,1,1,1,0,0,0,0,0,0,0,0,1,0,1,0,0,1,0,0,0,0,0,0,0,0,0,0,0,0,0,0,0,0,0,0,0,0,0,0,0,0,0,0,0,0,0,0,0,0,1,0,0,6,16,0,0,0,0,0,0,0,0,0,0,,,,
Brickyard Park,BPB,5/10/2019,bench,3,Mid,13.6,10.2,89.1,40,12,0,0,0,0,0,0,0,0,0,1,1,0,0,0,0,0,0,0,1,0,0,0,0,0,0,0,0,0,0,0,0,0,0,0,0,0,0,0,0,0,0,0,0,0,0,0,0,0,0,0,0,0,0,0,0,0,1,0,1,0,0,0,1,0,0,0,0,0,0,0,0,0,0,0,,,,
Brickyard Park,BPB,5/10/2019,bench,4,Low,1.2,3.6,3.9,0,1,0,1,0,0,0,0,0,0,0,0,1,0,1,0,0,0,0,0,0,0,0,0,0,1,0,0,0,0,0,0,0,0,0,0,0,0,0,0,0,0,0,0,0,0,0,0,0,0,0,0,0,0,0,0,0,0,0,0,0,0,0,0,20,34,0,0,0,0,0,0,0,0,0,0,,,,
Brickyard Park,BPB,5/10/2019,bench,4,Mid,12.2,13.2,12.8,40,13,0,0,0,0,0,0,0,0,0,1,1,1,0,0,0,0,0,0,0,0,0,0,1,0,0,0,0,0,0,0,0,0,0,0,0,0,0,0,0,0,0,0,0,0,0,0,0,0,0,0,0,0,0,0,0,0,1,0,0,1,0,0,0,0,0,0,0,0,0,0,0,0,0,0,,,,
Brickyard Park,BPB,5/10/2019,bench,5,Low,1,6.4,1.3,0,3,0,1,0,0,0,0,0,0,1,0,1,1,1,0,0,0,0,0,0,0,0,1,0,1,0,0,1,0,0,0,0,0,0,0,0,0,0,0,0,0,0,0,0,0,0,0,0,0,0,0,0,0,0,0,0,0,0,0,0,0,0,0,26,45,0,0,0,0,0,0,0,0,0,0,,,,
Brickyard Park,BPB,5/10/2019,bench,5,Mid,10,68,40.4,40,12,0,1,0,0,0,0,0,0,0,1,1,1,0,0,0,0,0,0,1,0,0,1,0,0,0,0,1,0,0,0,0,0,0,0,0,0,0,0,0,0,0,0,0,0,0,0,0,0,0,0,0,0,0,0,0,0,5,0,1,10,0,0,1,3,0,0,0,0,0,0,0,0,0,0,,,,
Dunphy Park,DPR,5/8/2019,riprap,1,Low,6.5,15.3,3.4,0,15,1,0,0,0,0,0,0,0,1,1,1,0,1,0,0,0,0,1,0,0,0,0,0,0,0,0,0,0,0,0,0,0,0,0,0,0,1,0,0,0,0,0,0,0,0,0,0,0,0,0,0,0,0,0,0,0,0,0,0,0,0,0,9,16,0,0,0,0,0,0,0,0,0,0,"small crabs, worms present throughout",,,
Dunphy Park,DPR,5/8/2019,riprap,1,Mid,11,22.3,26.9,30,8,1,0,0,0,1,0,0,0,0,1,1,0,0,0,0,0,0,0,0,0,0,0,0,0,0,0,0,1,0,0,0,0,0,0,0,0,1,0,0,0,0,0,0,0,0,0,0,0,0,0,0,0,0,0,0,0,0,0,0,3,0,0,3,2,0,0,0,0,0,0,0,0,0,0,"small crabs, worms present throughout",,,
Dunphy Park,DPR,5/8/2019,riprap,2,Low,6.3,0.1,21,2.5,2,0,0,1,0,1,0,0,0,1,0,1,0,1,0,0,0,0,0,0,0,0,1,1,0,0,0,0,0,0,0,0,0,0,0,0,0,1,0,0,0,0,0,0,0,0,0,0,0,0,0,0,0,0,0,0,0,0,0,0,0,0,0,1,1,0,0,0,0,0,0,0,0,0,0,"small crabs, worms present throughout",,,<5
Dunphy Park,DPR,5/8/2019,riprap,2,Mid,11.55,27.3,2.5,10,8,0,1,1,0,1,0,0,0,0,0,1,0,1,0,0,0,0,0,0,0,0,1,0,0,0,0,0,0,0,0,0,0,0,0,0,0,1,0,0,0,0,0,0,0,0,0,0,0,0,0,0,0,0,0,0,0,0,0,0,0,0,0,0,1,0,0,0,0,0,0,0,0,0,0,"small crabs, worms present throughout",,,
Dunphy Park,DPR,5/8/2019,riprap,3,Low,6.6,1.4,8.3,0,0,0,1,1,0,1,0,0,0,1,1,1,0,1,0,0,0,0,0,0,0,0,1,0,0,0,0,0,0,0,0,0,0,0,0,0,0,1,0,0,0,0,0,0,0,0,0,0,0,0,0,0,0,0,0,0,0,0,1,0,0,0,0,0,2,0,0,0,0,0,0,0,0,0,0,"small crabs, worms present throughout",,,
Dunphy Park,DPR,5/8/2019,riprap,3,Mid,11.8,11.7,10.8,0,0,0,1,1,0,1,0,0,0,0,1,1,1,0,0,0,0,0,0,0,0,0,1,0,0,0,0,0,0,0,0,0,0,0,0,0,0,1,0,0,0,0,0,0,0,0,0,0,0,0,0,0,0,0,0,0,0,0,0,0,2,0,0,0,12,0,0,0,0,0,0,0,0,0,0,"small crabs, worms present throughout",,,
Dunphy Park,DPR,5/8/2019,riprap,4,Low,6,5.9,17.2,0.1,1,0,0,1,0,1,0,0,0,0,0,1,0,1,0,0,0,0,0,0,0,0,0,1,0,0,0,0,0,0,0,0,0,0,0,0,0,1,0,0,0,0,0,0,0,0,0,0,0,0,0,0,0,0,0,0,0,0,0,0,0,0,0,2,0,0,0,0,0,0,0,0,0,0,0,"small crabs, worms present throughout",,,<1
Dunphy Park,DPR,5/8/2019,riprap,4,Mid,11,2.5,13.1,10,8,0,1,1,0,1,0,0,0,1,0,1,1,1,0,0,0,0,0,0,0,0,1,1,0,0,0,0,0,0,0,0,0,0,0,0,0,1,0,0,0,0,0,0,0,0,0,0,0,0,0,0,0,0,0,0,0,6,0,6,4,0,0,2,2,0,0,0,0,0,0,0,0,0,0,"small crabs, worms present throughout",,,
Dunphy Park,DPR,5/8/2019,riprap,5,Low,4.8,5.5,5.3,65,0,1,1,0,0,1,0,0,0,1,1,1,0,1,0,0,0,0,0,0,0,0,1,0,0,0,0,0,0,0,0,0,0,0,0,0,0,1,0,0,0,0,0,0,0,0,0,0,0,0,0,0,0,0,0,0,0,0,0,0,0,0,0,2,2,0,0,0,0,0,0,0,0,0,0,"small crabs, worms present throughout",,,
Dunphy Park,DPR,5/8/2019,riprap,5,Mid,10,4.6,10,0,6,1,1,1,0,1,0,0,0,0,1,1,1,0,0,0,0,0,0,0,0,0,0,0,0,0,0,0,0,0,0,0,0,0,0,0,0,1,0,0,0,0,0,0,0,0,0,0,0,0,0,0,0,0,0,0,0,0,0,0,1,0,0,0,1,0,0,0,0,0,0,0,0,0,0,"small crabs, worms present throughout",,,
Horseshoe Cove,HCR,5/22/2019,riprap,1,Low,0.4,19.3,6.7,1,5,1,1,0,0,0,1,0,0,0,1,1,0,0,0,0,0,0,0,0,0,0,1,1,1,0,0,0,0,0,0,0,1,0,0,0,1,0,0,0,0,0,0,0,0,0,0,0,0,0,0,0,0,0,0,0,0,10,0,0,0,0,0,0,0,0,0,0,0,0,0,0,0,0,0,,,,
Horseshoe Cove,HCR,5/22/2019,riprap,1,Mid,3.2,7.5,37.9,40,11,1,1,0,0,0,1,0,0,0,1,1,0,0,0,0,0,0,0,1,0,0,0,0,0,0,0,0,0,1,1,1,0,0,0,0,0,0,0,0,0,0,0,0,0,0,0,0,0,0,0,0,0,0,0,0,0,14,0,0,0,0,0,0,0,0,0,0,0,0,0,0,0,0,0,,,,
Horseshoe Cove,HCR,5/22/2019,riprap,2,Low,0.8,62.1,20.2,12,7,1,1,0,0,0,0,0,0,1,1,1,1,0,0,0,0,0,0,0,0,0,1,1,0,0,0,0,0,0,0,0,0,0,0,0,0,0,0,0,0,0,0,0,0,0,0,0,0,0,0,0,0,0,0,0,0,15,0,6,0,0,0,3,0,0,0,0,0,0,0,0,0,0,0,worms present,,,
Horseshoe Cove,HCR,5/22/2019,riprap,2,Mid,4,26.4,1.5,75,7,1,1,0,0,0,1,0,0,0,1,1,0,0,0,0,0,0,0,0,0,0,0,0,0,0,0,0,0,0,0,0,0,0,0,0,0,0,0,0,0,0,0,0,0,0,0,0,0,0,0,0,0,0,0,0,0,6,0,2,2,0,0,0,0,0,0,0,0,0,0,0,0,0,0,,,,
Horseshoe Cove,HCR,5/22/2019,riprap,3,Low,1.2,8.8,29.9,0.1,12,1,1,0,0,0,0,0,0,0,0,0,1,0,0,0,0,0,0,0,0,0,0,0,1,0,0,0,0,0,1,0,1,0,0,0,0,1,1,0,0,0,0,0,0,0,0,0,0,0,0,0,0,0,0,0,0,16,0,1,14,0,0,0,0,0,0,0,0,0,0,0,0,0,0,,,,<1
Horseshoe Cove,HCR,5/22/2019,riprap,3,Mid,3.2,50.8,13.1,70,18,1,1,0,1,0,1,0,0,1,1,1,0,0,0,0,0,0,0,0,0,0,0,0,0,0,0,0,0,1,1,0,0,0,0,0,0,0,0,0,0,0,0,0,0,0,0,0,0,0,0,0,0,0,0,0,0,6,0,0,0,0,0,0,0,0,0,0,0,0,0,0,0,0,0,,,,
Horseshoe Cove,HCR,5/22/2019,riprap,4,Low,1.3,14.5,66.8,10,10,1,1,0,0,0,0,0,0,1,1,1,1,0,0,0,0,0,0,0,0,0,1,1,0,0,0,0,0,0,0,0,0,0,0,0,0,0,0,0,0,0,0,0,0,0,0,0,0,0,0,0,0,0,0,0,0,175,2,1,5,0,0,0,0,0,0,0,0,0,0,0,0,0,0,"Numerous limpets, counting in center square and scaling up 10x10cm. Tegula/Chlorosima sighted on site about 1/2 meter north of transect 4 at meter ~2.4",,,
Horseshoe Cove,HCR,5/22/2019,riprap,4,Mid,3.4,80,51.8,25,4,1,1,0,1,0,1,0,0,0,1,1,0,0,0,0,0,0,0,1,0,0,0,0,0,0,0,0,0,1,1,0,0,0,0,0,0,0,0,0,0,0,0,0,0,0,0,0,0,0,0,0,0,0,0,0,0,0,0,4,0,0,0,0,0,1,0,0,0,0,0,0,0,0,0,pictures taken of chiton and barn for further speciation (BR phone).,,,
Horseshoe Cove,HCR,5/22/2019,riprap,5,Low,1.6,15.2,32.1,10,8,1,1,1,0,0,0,0,0,1,1,1,1,0,0,0,0,0,0,0,0,0,1,1,0,0,0,0,0,0,0,0,0,0,0,0,0,0,0,0,0,0,0,0,0,0,0,0,0,0,0,0,0,0,0,0,0,8,0,8,1,0,0,0,0,0,0,0,0,0,0,0,0,0,0,Limpet and littorine counts from center 10x10cm square. Mytilus count from full quad. ,,,
Horseshoe Cove,HCR,5/22/2019,riprap,5,Mid,3.5,9.6,0.3,50,2,1,1,0,1,0,1,0,0,1,1,1,0,0,0,0,0,0,0,1,0,0,1,0,0,0,0,0,0,0,0,0,0,0,0,0,0,0,0,0,0,0,0,0,0,0,0,0,0,0,0,0,0,0,0,0,0,7,0,1,0,0,0,0,0,0,0,0,0,0,0,0,0,0,0,,,,
Keller Beach,KBB,7/3/2019,bench,1,Low,3,0.2,16.2,0,0,1,1,0,0,0,0,0,0,1,1,1,1,1,0,0,1,0,0,0,0,0,0,0,0,1,0,1,0,0,0,0,0,0,0,0,0,0,0,0,1,0,0,0,0,0,0,0,0,0,0,0,0,0,0,0,0,8,1,0,35,0,0,6,10,0,2,0,0,0,0,0,0,0,0,,,,
Keller Beach,KBB,7/3/2019,bench,1,Mid,7.4,24,56,30,15,0,1,0,0,0,0,0,0,1,1,1,1,0,0,0,1,0,0,0,0,0,0,0,0,1,1,1,1,0,0,0,0,1,0,0,0,0,0,1,1,0,1,0,0,0,0,0,0,0,0,0,0,0,0,0,0,30,0,2,413,0,0,10,0,1,0,0,0,0,0,0,0,0,0,"Poly - veins, ruffled edge",,,
Keller Beach,KBB,7/3/2019,bench,2,Low,3,15.1,30.8,0,0,1,1,1,0,0,0,0,0,1,0,1,1,1,0,0,0,0,0,0,0,0,0,0,0,1,1,0,0,0,0,0,1,0,0,0,0,0,0,1,1,0,0,0,0,0,0,0,0,0,0,0,0,0,0,0,0,0,0,0,70,0,0,10,15,0,3,0,0,0,0,0,0,0,0,polychaete worm,,,
Keller Beach,KBB,7/3/2019,bench,2,Mid,8.5,20.5,40,10,14,0,1,1,0,0,1,0,0,1,1,1,1,1,0,0,0,0,0,0,0,0,1,0,0,0,0,0,1,0,0,0,0,0,0,0,0,0,0,0,0,0,0,0,0,0,0,0,0,0,0,0,0,0,0,0,0,18,1,0,209,0,0,0,0,0,0,0,0,0,0,0,0,0,0,,,,
Keller Beach,KBB,7/3/2019,bench,3,Low,3,7.8,8.9,0,0,0,1,0,0,0,1,1,1,0,0,0,1,1,0,0,1,0,0,0,0,0,0,0,0,1,1,0,0,0,0,0,0,0,0,0,0,0,0,1,1,0,1,0,0,0,0,0,0,0,0,0,0,0,0,0,0,0,0,0,0,0,0,1,9,0,0,0,0,0,0,0,0,0,0,,,,
Keller Beach,KBB,7/3/2019,bench,3,Mid,11.2,44.1,12.2,4,17,0,1,0,0,1,1,0,0,1,1,1,1,0,0,0,1,0,0,1,0,0,0,0,0,0,0,0,0,0,0,0,0,0,0,0,0,0,0,0,0,0,0,0,0,0,0,0,0,0,0,0,0,0,0,0,0,11,0,8,183,0,0,0,0,0,0,0,0,0,0,0,0,0,0,,,,
Keller Beach,KBB,7/3/2019,bench,4,Low,3,2.8,5.1,0,0,1,1,0,0,0,0,0,0,1,0,1,1,0,0,0,0,0,0,0,0,0,0,0,0,0,0,1,0,0,0,0,0,0,0,0,1,0,0,1,0,0,1,0,0,0,0,0,0,0,0,0,0,0,0,0,0,0,1,0,102,0,0,5,4,0,0,3,0,0,0,0,0,0,0,,,,
Keller Beach,KBB,7/3/2019,bench,4,Mid,11,35.6,19.1,5,20,1,1,0,1,0,0,0,0,0,1,1,1,0,0,0,0,0,0,0,0,0,0,0,0,0,0,1,1,0,0,0,0,0,0,0,0,0,0,0,0,0,0,0,0,0,0,0,0,0,0,0,0,0,0,0,0,18,0,1,140,0,0,1,0,0,0,0,0,0,0,0,0,0,0,,,,
Keller Beach,KBB,7/3/2019,bench,5,Low,3.25,7.9,0.8,0,2,1,1,0,0,0,1,0,0,1,1,1,1,0,0,0,1,0,0,0,0,0,0,0,0,0,0,1,0,0,0,0,0,0,0,0,0,0,0,0,0,0,1,0,0,0,0,0,0,0,0,0,0,0,0,0,0,0,1,0,168,0,0,0,3,0,0,6,3,0,0,0,0,0,0,,3.25 (L),,
Keller Beach,KBB,7/3/2019,bench,5,Mid,8.8,6,5.7,25,8,0,1,0,0,1,0,0,0,1,1,1,1,0,0,0,0,0,0,0,0,0,0,0,0,0,0,0,1,0,0,0,0,0,0,0,0,0,0,0,0,0,0,0,0,0,0,0,0,0,0,0,0,0,0,0,0,31,0,4,335,0,0,0,0,0,0,0,0,0,0,0,0,0,0,,8.8 (R),,
Miller Knox,MKR,7/4/2019,riprap,1,Low,1,10.6,33.4,0,1,0,1,0,0,1,1,0,0,1,0,1,1,1,0,0,0,0,1,0,0,0,0,0,0,1,1,1,1,0,0,0,0,0,0,0,0,0,0,1,0,1,1,1,0,0,0,0,0,0,0,0,0,0,0,0,0,0,0,0,72,0,0,17,8,0,0,0,0,3,0,0,0,0,0,,1L,,
Miller Knox,MKR,7/4/2019,riprap,1,Mid,2.7,6,3.9,75,12,0,1,0,0,1,1,0,0,1,1,1,1,1,0,0,0,0,1,0,0,0,0,0,0,0,1,1,1,0,0,1,0,0,0,0,0,0,0,0,0,1,0,0,0,0,0,0,0,0,0,0,0,0,0,0,0,1,0,0,88,0,0,3,0,0,0,0,0,0,0,0,0,0,0,,2.7 L,,
Miller Knox,MKR,7/4/2019,riprap,2,Low,1,2.2,23.8,0,0,0,1,0,0,1,1,0,0,1,0,1,1,1,1,0,0,0,0,0,0,0,0,0,0,1,0,0,0,0,0,0,0,0,0,0,1,1,0,1,1,0,1,0,1,0,0,0,0,0,0,0,0,0,0,0,0,0,0,0,62,0,0,10,9,0,0,0,0,0,0,0,0,0,0,,1R,,
Miller Knox,MKR,7/4/2019,riprap,2,Mid,2.5,14.4,7.5,40,5,0,1,0,0,1,1,0,0,1,1,1,1,1,1,0,1,0,0,0,0,0,0,0,0,1,0,1,1,0,0,0,0,0,0,0,0,0,0,0,0,0,0,0,1,0,0,0,0,0,0,0,0,0,0,0,0,1,1,0,79,0,0,5,6,0,0,0,0,0,0,0,0,0,0,,2.5 (0.5m to R),,
Miller Knox,MKR,7/4/2019,riprap,3,Low,1,10.4,11.4,0,1,0,1,0,0,1,1,0,0,1,0,1,1,1,0,0,1,0,0,0,0,0,0,0,0,0,0,1,0,0,0,0,0,0,0,0,0,0,0,1,1,0,1,0,1,0,0,0,0,0,0,0,0,0,0,0,0,1,0,0,52,0,0,12,12,0,0,0,0,0,0,0,0,0,0,,,,
Miller Knox,MKR,7/4/2019,riprap,3,Mid,2.9,38.5,5.8,30,19,1,1,0,0,1,1,0,0,1,1,1,1,0,0,0,0,0,0,0,0,0,0,0,0,0,0,0,1,0,0,0,0,0,0,0,0,0,0,0,0,0,0,0,0,0,0,0,0,0,0,0,0,0,0,0,0,2,0,0,63,0,0,0,1,0,0,0,0,0,0,0,0,0,0,,,,
Miller Knox,MKR,7/4/2019,riprap,4,Low,1,19.4,28.2,0,2,0,1,0,0,0,1,0,0,1,1,1,1,1,0,0,1,0,0,0,0,0,1,0,0,1,1,1,0,0,0,0,0,1,0,0,0,0,0,1,0,0,1,0,0,0,0,0,0,0,0,0,0,0,0,0,0,0,1,0,75,0,0,4,10,0,0,0,0,0,0,0,0,0,0,,1m to Left,,
Miller Knox,MKR,7/4/2019,riprap,4,Mid,2.9,7.2,13.8,45,13,0,1,1,0,0,1,0,0,1,1,1,1,1,0,0,1,0,0,0,0,0,1,0,0,0,1,1,1,0,0,0,0,0,0,0,0,0,0,1,1,0,1,0,0,0,0,0,0,0,0,0,0,0,0,0,0,0,0,0,29,0,0,2,6,0,0,0,0,0,0,0,0,0,0,,2.9m to RIGHT,,
Miller Knox,MKR,7/4/2019,riprap,5,Low,1.05,6.2,56.1,5,8,0,1,0,0,0,1,0,0,1,0,1,1,1,0,0,1,0,0,0,0,0,1,0,0,0,1,1,0,0,0,0,0,1,0,0,0,0,0,1,0,0,1,0,0,0,0,0,0,0,0,0,0,0,0,0,0,0,0,0,145,0,0,17,10,1,0,0,0,0,0,0,0,0,0,,1.05 m to Right,,
Miller Knox,MKR,7/4/2019,riprap,5,Mid,3.65,2.7,6.6,40,11,0,1,1,0,1,1,0,0,1,1,1,1,1,0,0,1,0,0,0,0,0,0,0,0,0,1,1,1,0,0,0,0,0,0,0,0,0,0,0,0,0,0,0,0,0,0,0,0,0,0,0,0,0,0,0,0,4,0,0,52,0,0,8,7,0,0,0,0,0,0,0,0,0,0,,3.65 R,,
Paradise Beach Park,PBS,7/2/2019,seawall,1,Low,,,,,,,,,,,,,,,,,,,,,,,,,,,,,,,,,,,,,,,,,,,,,,,,,,,,,,,,,,,,,,,,,,,,,,,,,,,,,,,,Low  zone not surveyed// no low zone seawall habitat //,,,
Paradise Beach Park,PBS,7/2/2019,seawall,1,Mid,0.45,27,7,45,2,1,1,0,0,1,1,0,1,1,1,1,1,1,0,0,0,0,0,1,0,0,0,0,0,0,0,0,0,0,0,0,0,0,0,0,0,0,0,0,0,0,0,0,0,0,0,0,0,0,0,0,0,0,0,0,0,0,0,0,12,0,0,0,0,0,0,0,0,0,0,0,0,0,0,,,,
Paradise Beach Park,PBS,7/2/2019,seawall,2,Low,,,,,,,,,,,,,,,,,,,,,,,,,,,,,,,,,,,,,,,,,,,,,,,,,,,,,,,,,,,,,,,,,,,,,,,,,,,,,,,,Low  zone not surveyed// no low zone seawall habitat //,,,
Paradise Beach Park,PBS,7/2/2019,seawall,2,Mid,0.3,22,13,15,0,1,1,1,0,1,0,0,0,0,1,1,0,0,0,0,0,0,0,0,0,0,1,0,0,0,0,0,0,0,0,0,0,0,0,0,0,0,0,0,0,0,0,0,0,0,0,0,0,0,0,0,0,0,0,0,0,0,0,0,0,0,0,0,0,0,0,0,0,0,0,0,0,0,0,,,,
Paradise Beach Park,PBS,7/2/2019,seawall,3,Low,,,,,,,,,,,,,,,,,,,,,,,,,,,,,,,,,,,,,,,,,,,,,,,,,,,,,,,,,,,,,,,,,,,,,,,,,,,,,,,,Low  zone not surveyed// no low zone seawall habitat //,,,
Paradise Beach Park,PBS,7/2/2019,seawall,3,Mid,0.25,22,12,40,0,1,1,1,1,1,0,1,1,0,1,1,0,0,0,0,0,0,0,0,0,0,1,1,0,0,0,0,0,0,0,0,0,0,0,0,0,0,0,0,0,0,0,0,0,0,0,0,0,0,0,0,0,0,0,0,0,4,0,0,8,0,0,2,0,0,0,0,0,0,0,0,0,0,0,,,,
Paradise Beach Park,PBS,7/2/2019,seawall,4,Low,,,,,,,,,,,,,,,,,,,,,,,,,,,,,,,,,,,,,,,,,,,,,,,,,,,,,,,,,,,,,,,,,,,,,,,,,,,,,,,,Low  zone not surveyed// no low zone seawall habitat //,,,
Paradise Beach Park,PBS,7/2/2019,seawall,4,Mid,0.3,23.8,4.7,1,7,1,1,0,0,0,1,0,1,1,1,0,1,0,0,0,0,0,,1,0,0,0,0,0,0,0,0,1,0,0,0,0,0,0,0,0,0,0,0,0,0,0,0,0,0,0,0,0,0,0,0,0,0,0,0,0,1,0,0,12,0,0,3,0,0,0,0,0,0,0,0,0,0,0,,,,
Paradise Beach Park,PBS,7/2/2019,seawall,5,Low,,,,,,,,,,,,,,,,,,,,,,,,,,,,,,,,,,,,,,,,,,,,,,,,,,,,,,,,,,,,,,,,,,,,,,,,,,,,,,,,Low  zone not surveyed// no low zone seawall habitat //,,,
Paradise Beach Park,PBS,7/2/2019,seawall,5,Mid,0.3,41.6,3.8,1,1,1,1,0,0,1,0,0,1,0,1,0,1,0,0,0,0,0,0,1,0,0,0,0,0,0,0,0,1,0,0,0,0,0,0,0,0,0,0,0,0,0,0,0,0,0,0,0,0,0,0,0,0,0,0,0,0,0,0,0,7,0,0,1,3,0,0,0,0,0,0,0,0,0,0,,,,
Paradise Cay,PCR,5/20/2019,riprap,1,Low,1,0.6,1.6,70,6,1,1,1,0,1,1,0,0,1,1,1,0,1,0,0,0,0,0,0,0,0,0,0,0,0,0,1,0,0,0,0,0,0,0,0,0,0,0,0,0,0,0,0,0,0,0,0,0,0,0,0,0,0,0,0,0,0,0,0,0,0,0,16,39,0,0,0,2,0,0,0,0,0,0,,,,
Paradise Cay,PCR,5/20/2019,riprap,1,Mid,6,8.8,45.7,75,0,0,0,1,0,0,0,0,0,0,1,1,1,0,0,0,0,0,0,0,0,0,1,0,0,0,0,0,0,0,0,0,0,0,0,0,0,0,0,0,0,0,0,0,0,0,0,0,0,0,0,0,0,0,0,0,0,0,0,0,0,0,0,0,0,0,0,0,0,0,0,0,0,0,0,,,,
Paradise Cay,PCR,5/20/2019,riprap,2,Low,1.5,13.3,3.8,50,1,1,1,1,0,1,1,0,0,1,1,1,0,1,0,0,0,0,0,0,0,0,0,0,0,0,0,1,0,0,0,0,0,0,0,0,0,0,0,0,0,0,0,0,0,0,0,0,0,0,0,0,0,0,0,0,0,0,0,0,0,0,0,0,0,0,0,0,5,0,0,0,0,0,0,,,,
Paradise Cay,PCR,5/20/2019,riprap,2,Mid,5.3,57,44.4,6,2,0,1,1,0,0,0,0,0,0,1,1,0,0,0,0,0,0,0,0,0,0,0,0,0,0,0,0,0,0,0,0,0,0,0,0,0,0,0,0,0,0,0,0,0,0,0,0,0,0,0,0,0,0,0,0,0,0,0,0,0,0,0,0,0,0,0,0,0,0,0,0,0,0,0,position ~1.5m off of transect line,,,
Paradise Cay,PCR,5/20/2019,riprap,3,Low,1.7,3,15.2,95,1,1,1,1,0,1,1,0,0,1,0,1,1,1,0,0,0,0,0,0,0,0,0,0,0,0,0,1,0,0,0,0,0,0,0,0,0,0,0,0,0,0,0,0,0,0,0,0,0,0,0,0,0,0,0,0,0,0,0,0,0,0,0,0,0,0,0,0,1,0,0,0,0,0,0,,,,
Paradise Cay,PCR,5/20/2019,riprap,3,Mid,6.3,23.5,42.2,80,4,0,0,1,0,0,0,0,0,0,1,1,0,0,0,0,0,0,0,0,0,0,0,0,0,0,0,0,0,0,0,0,0,0,0,0,0,0,0,0,0,0,0,0,0,0,0,0,0,0,0,0,0,0,0,0,0,0,0,0,0,0,0,0,0,0,0,0,0,0,0,0,0,0,0,,,,
Paradise Cay,PCR,5/20/2019,riprap,4,Low,1.2,6.9,5.2,74,1,0,1,1,0,0,1,0,0,0,1,1,0,1,1,0,0,0,0,0,0,0,0,0,0,0,0,0,0,0,0,0,0,0,0,0,0,0,0,0,0,0,0,0,0,0,0,0,0,0,0,0,0,0,0,0,0,0,0,0,1,0,0,8,58,0,0,0,0,0,5,0,0,0,0,,,,
Paradise Cay,PCR,5/20/2019,riprap,4,Mid,6,9.3,41.2,34,0,1,1,1,0,1,1,0,0,1,1,1,0,0,0,0,0,0,0,0,0,0,1,0,0,0,0,1,0,0,0,0,0,0,0,0,0,0,0,0,0,0,0,0,0,0,0,0,0,0,0,0,0,0,0,0,0,0,0,0,0,0,0,0,0,0,0,0,0,0,0,0,0,0,0,,,,
Paradise Cay,PCR,5/20/2019,riprap,5,Low,1.4,2.9,16.3,60,0,0,1,0,0,1,1,0,0,1,0,1,1,1,0,0,0,0,0,0,0,0,0,0,0,0,0,0,0,0,0,0,0,0,0,0,0,0,0,0,0,0,0,0,0,0,0,0,0,0,0,0,0,0,0,0,0,0,0,0,2,0,0,0,8,0,0,0,0,0,0,0,0,0,0,,,,
Paradise Cay,PCR,5/20/2019,riprap,5,Mid,6.5,4.5,79.9,20,8,0,1,1,0,1,0,0,0,0,1,1,0,0,0,0,0,0,0,0,0,0,0,0,0,0,0,0,0,0,0,0,0,0,0,0,0,0,0,0,0,0,0,0,0,0,0,0,0,0,0,0,0,0,0,0,0,0,0,0,0,0,0,0,0,0,0,0,0,0,0,0,0,0,0,Primarily CHTH,,,
Pt. Chauncey,PCW,4/23/2019,riprap,1,Low,,10.8,24.8,0,0,1,1,0,0,1,0,0,0,1,0,1,0,0,0,0,0,0,0,0,0,0,0,0,0,0,0,0,0,0,0,0,0,0,0,0,0,0,0,0,0,0,0,0,0,0,0,0,0,0,0,0,0,0,0,0,0,0,0,0,0,0,0,0,0,0,0,0,0,0,0,0,0,0,0,,-,,
Pt. Chauncey,PCW,4/23/2019,riprap,1,Mid,4.1,7,2.5,2.5,1,0,1,0,1,0,0,0,0,0,1,0,0,0,0,0,0,0,0,0,0,0,0,0,0,0,0,0,0,0,0,0,0,0,0,0,0,0,0,0,0,0,0,0,0,0,0,0,0,0,0,0,0,0,0,0,0,0,0,0,0,0,0,0,0,0,0,0,0,0,0,0,0,0,0,,,,<5
Pt. Chauncey,PCW,4/23/2019,riprap,2,Low,,17.6,13.6,0,0,1,1,0,0,0,0,0,0,1,0,1,0,0,0,0,0,0,0,0,0,0,0,0,0,0,0,0,0,0,0,0,0,0,0,0,0,0,0,0,0,0,0,0,0,0,0,0,0,0,0,0,0,0,0,0,0,0,0,0,0,0,0,0,1,0,0,0,0,0,0,0,0,0,0,,-,,
Pt. Chauncey,PCW,4/23/2019,riprap,2,Mid,3,17.1,40.6,65,,1,1,0,0,0,1,0,1,1,1,1,0,0,0,0,0,0,0,0,0,0,0,0,0,0,0,0,0,0,0,0,0,0,0,0,0,0,0,0,0,0,0,0,0,0,0,0,0,0,0,0,0,0,0,0,0,0,0,1,0,0,0,0,1,0,0,0,0,0,0,0,0,0,0,,,,
Pt. Chauncey,PCW,4/23/2019,riprap,3,Low,,6,12.8,0,0,1,1,0,0,1,0,0,0,0,0,1,0,0,0,0,0,0,0,0,0,0,0,0,0,0,0,0,0,0,0,0,1,0,0,0,0,0,0,0,0,0,0,0,0,0,0,0,0,0,0,0,0,0,0,0,0,0,0,0,0,0,0,1,0,0,0,0,0,0,0,0,0,0,0,,-,,
Pt. Chauncey,PCW,4/23/2019,riprap,3,Mid,3.3,10.9,3.1,25,3,1,1,0,0,1,1,1,1,1,1,1,1,0,0,0,0,0,0,0,0,0,0,0,0,0,0,0,0,0,0,0,0,0,0,0,0,0,0,0,0,0,0,0,0,0,0,0,0,0,0,0,0,0,0,0,0,0,0,0,0,0,0,0,0,0,0,0,0,0,0,0,0,0,0,,,,
Pt. Chauncey,PCW,4/23/2019,riprap,4,Low,,20.1,49.5,2.5,0,1,1,0,0,1,0,0,0,1,0,0,1,0,0,0,0,0,0,0,0,0,0,0,0,0,0,0,0,0,0,0,0,0,0,0,0,0,0,0,0,0,0,0,0,0,0,0,0,0,0,0,0,0,0,0,0,0,0,0,4,0,0,1,0,0,0,0,0,0,0,0,0,0,0,,-,,<5
Pt. Chauncey,PCW,4/23/2019,riprap,4,Mid,3,4.2,38.6,95,25,1,1,0,0,0,1,0,0,1,1,1,0,0,0,0,0,0,0,0,0,0,0,0,0,0,0,0,0,0,0,0,0,0,0,0,0,0,0,0,0,0,0,0,0,0,0,0,0,0,0,0,0,0,0,0,0,0,0,0,0,0,0,0,0,0,0,0,0,0,0,0,0,0,0,,,,
Pt. Chauncey,PCW,4/23/2019,riprap,5,Low,,2.5,24.1,2.5,0,1,0,0,0,1,0,0,0,1,0,1,0,0,0,0,0,0,0,0,0,0,0,0,0,0,0,0,0,0,0,0,0,0,0,0,0,0,0,0,0,0,0,0,0,0,0,0,0,0,0,0,0,0,0,0,0,0,0,0,0,0,0,0,0,0,0,0,0,0,0,0,0,0,0,,-,,<5
Pt. Chauncey,PCW,4/23/2019,riprap,5,Mid,3.2,66.3,1.2,85,18,1,1,0,0,0,1,0,0,1,1,1,0,0,0,0,0,0,0,0,0,0,0,0,0,0,0,0,0,0,0,0,0,0,0,0,0,0,0,0,0,0,0,0,0,0,0,0,0,0,0,0,0,0,0,0,0,0,0,0,0,0,0,0,0,0,0,0,0,0,0,0,0,0,0,,,,
Pt. Chauncey Beach N,PCB,5/12/2019,bench,1,Low,2.5,3.9,18.5,50,1,1,1,0,0,1,1,0,1,1,0,0,1,1,0,0,0,0,0,0,0,0,1,0,0,0,0,0,0,0,0,0,0,0,0,0,0,0,1,0,0,0,1,0,0,0,0,0,0,0,0,0,0,0,0,0,0,0,0,0,13,0,0,0,6,0,0,0,0,0,0,0,0,0,0,,,,
Pt. Chauncey Beach N,PCB,5/12/2019,bench,1,Mid,6,14.8,5.5,50,12,1,1,1,0,1,0,0,0,0,1,1,0,0,0,0,0,0,0,0,0,0,0,0,0,0,0,0,0,0,0,0,0,0,0,0,0,0,0,0,0,1,0,0,0,0,0,0,0,0,0,0,0,0,0,0,0,0,0,0,0,0,0,0,0,0,0,0,0,0,0,0,0,0,0,,,,
Pt. Chauncey Beach N,PCB,5/12/2019,bench,2,Low,2,27.4,11.8,15,1,1,1,0,0,1,1,0,0,1,1,1,0,0,0,0,0,0,0,0,0,0,0,0,0,0,0,0,0,0,0,0,0,0,0,0,0,0,0,0,0,0,1,0,0,0,0,0,0,0,0,0,0,0,0,0,0,0,0,0,3,0,0,0,5,0,0,0,0,0,0,0,0,0,0,,,,
Pt. Chauncey Beach N,PCB,5/12/2019,bench,2,Mid,5.2,64.5,17.2,85,7,1,1,0,0,1,1,0,0,0,1,1,0,0,0,0,0,0,0,0,0,0,0,0,0,0,0,0,0,0,0,0,0,0,0,0,0,0,0,0,0,1,1,0,0,0,0,0,0,0,0,0,0,0,0,0,0,1,0,0,0,0,0,0,0,0,0,0,0,0,0,0,0,0,0,,5.2 R,,
Pt. Chauncey Beach N,PCB,5/12/2019,bench,3,Low,1.2,4.5,16.4,0,0,0,1,1,0,1,1,0,0,1,1,1,0,0,0,0,0,0,0,0,0,0,1,0,0,0,0,0,0,0,0,0,0,0,0,0,0,0,0,0,0,0,0,0,0,0,0,0,0,0,0,0,0,0,0,0,0,0,0,0,0,0,0,0,0,0,0,0,0,0,0,0,0,0,0,,,,
Pt. Chauncey Beach N,PCB,5/12/2019,bench,3,Mid,5,21.6,0.5,95,1,1,1,1,0,1,0,0,0,0,0,1,0,0,0,0,0,0,0,0,0,0,0,0,0,0,0,0,0,0,0,0,0,0,0,0,0,0,0,0,0,0,0,0,0,0,0,0,0,0,0,0,0,0,0,0,0,0,0,0,0,0,0,0,0,0,0,0,0,0,0,0,0,0,0,,,,
Pt. Chauncey Beach N,PCB,5/12/2019,bench,4,Low,1.7,6.9,10.2,5,0,1,1,1,0,1,1,0,0,1,0,1,0,0,0,0,0,0,0,0,0,0,0,0,0,0,0,0,0,0,0,0,0,0,0,0,0,0,0,0,0,1,0,0,0,0,0,0,0,0,0,0,0,0,0,0,0,0,0,0,0,0,0,4,45,0,0,0,0,0,0,0,0,0,0,,,,
Pt. Chauncey Beach N,PCB,5/12/2019,bench,4,Mid,6.5,1.1,26.9,50,0,1,1,0,0,1,0,0,0,0,0,0,0,0,0,0,0,0,0,0,0,0,0,0,0,0,0,0,0,0,0,0,0,0,0,0,0,0,0,0,0,0,0,0,0,0,0,0,0,0,0,0,0,0,0,0,0,0,0,0,0,0,0,0,0,0,0,0,0,0,0,0,0,0,0,,,,
Pt. Chauncey Beach N,PCB,5/12/2019,bench,5,Low,2.5,9.1,29.3,35,0,1,1,0,0,1,1,0,0,1,0,1,1,1,0,0,0,0,0,0,0,0,1,0,0,0,0,0,0,0,0,0,0,0,0,0,0,0,0,0,0,0,0,0,0,0,0,0,0,0,0,0,0,0,0,0,0,0,0,0,1,0,0,2,7,0,0,0,0,0,0,0,0,0,0,,,,
Pt. Chauncey Beach N,PCB,5/12/2019,bench,5,Mid,8.4,3.6,2.2,90,5,1,1,0,0,1,1,1,0,1,1,1,0,0,0,0,0,0,0,0,0,0,0,0,0,0,0,0,0,0,0,0,0,0,0,0,0,0,0,0,0,0,0,0,0,0,0,0,0,0,0,0,0,0,0,0,0,0,0,0,0,0,0,0,0,0,0,0,0,0,0,0,0,0,0,Position MLH moved to the left 1.5 to catch fucus patch,,,
Pt. Chauncey Beach S,PCC,4/24/2019,cobble,1,Low,1.7,14.1,7.1,0,1,1,1,0,0,1,0,0,0,1,1,1,0,0,0,0,0,0,0,0,0,0,0,0,0,0,0,0,0,0,0,0,0,0,0,0,0,0,0,0,0,0,0,0,0,0,0,0,0,0,0,0,0,0,0,0,0,0,0,0,0,0,0,0,1,0,0,0,0,0,0,0,0,0,0,,,,
Pt. Chauncey Beach S,PCC,4/24/2019,cobble,1,Mid,5.25,4.3,10.7,2.5,18,0,1,0,0,1,0,0,1,1,1,1,1,0,0,0,0,0,0,0,0,0,0,0,0,0,0,0,0,0,0,0,0,0,0,0,0,0,0,0,0,0,0,0,0,0,0,0,0,0,0,0,0,0,0,0,0,0,0,0,1,0,0,2,0,0,0,0,0,0,0,0,0,0,0,,,,<5
Pt. Chauncey Beach S,PCC,4/24/2019,cobble,2,Low,1.75,20.7,2.2,25,3,1,1,0,0,1,0,0,0,0,1,1,1,0,0,0,0,0,0,0,0,0,0,0,0,0,0,0,0,0,0,0,0,0,0,0,0,0,0,0,0,0,0,0,0,0,0,0,0,0,0,0,0,0,0,0,0,0,0,0,3,0,0,0,0,0,0,0,0,0,0,0,0,0,0,,,,
Pt. Chauncey Beach S,PCC,4/24/2019,cobble,2,Mid,5.25,2.5,7.1,10,10,0,1,0,0,0,0,0,0,0,0,0,0,0,0,0,0,0,0,0,0,0,0,0,0,0,0,0,0,0,0,0,0,0,0,0,0,0,0,0,0,0,0,0,0,0,0,0,0,0,0,0,0,0,0,0,0,0,0,0,0,0,0,2,0,0,0,0,0,0,0,0,0,0,0,,,,
Pt. Chauncey Beach S,PCC,4/24/2019,cobble,3,Low,1.7,,,0,0,1,1,0,0,1,1,0,0,0,0,0,0,0,0,0,0,0,0,0,0,0,0,0,0,0,0,0,0,0,0,0,0,0,0,0,0,0,0,0,0,0,0,0,0,0,0,0,0,0,0,0,0,0,0,0,0,0,0,0,0,0,0,0,1,0,0,0,0,0,0,0,0,0,0,Quadrat a wash,,,
Pt. Chauncey Beach S,PCC,4/24/2019,cobble,3,Mid,5.25,10.5,17,10,6,1,1,0,0,0,0,0,0,0,1,1,0,0,0,0,0,0,0,0,0,0,0,0,0,0,0,0,0,0,0,0,0,0,0,0,0,0,0,0,0,0,0,0,0,0,0,0,0,0,0,0,0,0,0,0,0,0,0,0,0,0,0,0,0,0,0,0,0,0,0,0,0,0,0,shore crab,,,
Pt. Chauncey Beach S,PCC,4/24/2019,cobble,4,Low,,,,0,1,1,1,0,0,1,1,0,0,0,1,1,0,0,0,0,0,0,0,0,0,0,0,0,0,0,0,0,0,0,0,0,0,0,0,0,0,0,0,0,0,0,0,0,0,0,0,0,0,0,0,0,0,0,0,0,0,0,0,0,0,0,0,0,0,0,0,0,0,0,0,0,0,0,0,"Not sure why there is such little data. Data scan did not say whether this was low or mid, assuming low.",-,,
Pt. Chauncey Beach S,PCC,4/24/2019,cobble,4,Mid,5.3,4.5,3.8,30,16,0,1,0,0,0,0,1,0,0,1,1,0,0,0,0,0,0,0,0,0,0,0,0,0,0,0,0,0,0,0,0,0,0,0,0,0,0,0,0,0,0,0,0,0,0,0,0,0,0,0,0,0,0,0,0,0,0,0,0,0,0,0,0,0,0,0,0,0,0,0,0,0,0,0,,,,
Pt. Chauncey Beach S,PCC,4/24/2019,cobble,5,Low,,,,,,,,,,,,,,,,,,,,,,,,,,,,,,,,,,,,,,,,,,,,,,,,,,,,,,,,,,,,,,,,,,,,,,,,,,,,,,,,"Data not found, might be in notebook but didn't make it into scan.",,,
Pt. Chauncey Beach S,PCC,4/24/2019,cobble,5,Mid,8.5,21.2,5.25,2.5,0,0,1,0,0,0,0,1,0,0,1,1,0,0,0,0,0,0,0,0,0,0,1,0,0,0,0,0,0,0,0,0,0,0,0,0,0,0,0,0,0,0,0,0,0,0,0,0,0,0,0,0,0,0,0,0,0,0,0,0,0,0,0,0,0,0,0,0,0,0,0,0,0,0,0,,,,<5
Pt.  Molate,PMB,6/8/2019,bench,1,Low,,,,,,,,,,,,,,,,,,,,,,,,,,,,,,,,,,,,,,,,,,,,,,,,,,,,,,,,,,,,,,,,,,,,,,,,,,,,,,,,No bench habitat in low zone - mudflat,,,
Pt.  Molate,PMB,6/8/2019,bench,1,Mid,1.5,6.5,1.3,50,2,0,1,0,0,0,1,0,0,1,0,1,1,0,0,0,0,0,0,1,0,0,1,0,0,0,0,1,0,1,0,0,0,0,0,0,0,0,0,0,0,0,0,0,0,0,0,0,0,0,0,0,0,0,0,0,0,0,0,0,13,0,0,3,7,0,0,0,1,0,0,0,0,0,0,,,,
Pt.  Molate,PMB,6/8/2019,bench,2,Low,,,,,,,,,,,,,,,,,,,,,,,,,,,,,,,,,,,,,,,,,,,,,,,,,,,,,,,,,,,,,,,,,,,,,,,,,,,,,,,,No bench habitat in low zone - mudflat,,,
Pt.  Molate,PMB,6/8/2019,bench,2,Mid,1.4,8.8,19.5,50,10,0,1,0,0,0,1,0,0,1,1,1,1,0,0,0,0,0,0,1,0,0,1,0,0,0,0,1,0,0,0,0,0,0,0,0,0,0,0,0,0,0,0,0,0,0,0,0,0,0,0,0,0,0,0,0,0,0,0,0,1,0,0,21,5,0,1,0,0,0,0,0,0,0,0,,,,
Pt.  Molate,PMB,6/8/2019,bench,3,Low,,,,,,,,,,,,,,,,,,,,,,,,,,,,,,,,,,,,,,,,,,,,,,,,,,,,,,,,,,,,,,,,,,,,,,,,,,,,,,,,No bench habitat in low zone - mudflat,,,
Pt.  Molate,PMB,6/8/2019,bench,3,Mid,2,26.6,5.4,50,7,0,1,0,0,0,1,0,0,1,1,1,1,0,0,0,0,0,0,0,0,0,1,0,0,0,0,1,0,0,0,0,0,0,0,0,0,0,0,0,0,0,0,0,0,0,0,0,0,0,0,0,0,0,0,0,0,1,0,0,6,0,0,9,8,0,0,0,1,0,0,4,3,1,0,,,,
Pt.  Molate,PMB,6/8/2019,bench,4,Low,,,,,,,,,,,,,,,,,,,,,,,,,,,,,,,,,,,,,,,,,,,,,,,,,,,,,,,,,,,,,,,,,,,,,,,,,,,,,,,,No bench habitat in low zone - mudflat,,,
Pt.  Molate,PMB,6/8/2019,bench,4,Mid,3.2,18.9,12.1,30,15,0,1,0,0,0,1,0,0,1,1,1,1,0,0,0,0,0,0,1,0,0,1,0,0,0,0,0,0,0,0,0,0,0,0,0,0,0,0,0,0,0,0,0,0,0,0,0,0,0,0,0,0,0,0,0,0,0,0,0,13,0,0,4,1,0,0,0,0,0,0,3,3,0,0,,,,
Pt.  Molate,PMB,6/8/2019,bench,5,Low,,,,,,,,,,,,,,,,,,,,,,,,,,,,,,,,,,,,,,,,,,,,,,,,,,,,,,,,,,,,,,,,,,,,,,,,,,,,,,,,No bench habitat in low zone - mudflat,,,
Pt.  Molate,PMB,6/8/2019,bench,5,Mid,3.7,3.8,0.2,50,9,0,1,1,0,0,1,0,0,0,1,1,1,0,0,0,0,0,0,1,0,0,1,0,0,0,0,1,0,0,0,0,0,0,0,0,0,0,0,0,0,0,0,0,0,0,0,0,0,0,0,0,0,0,0,0,0,0,0,0,3,0,0,0,0,0,0,0,0,0,0,0,0,0,0,,,,
Pt. Orient S,POB,6/18/2019,bench,1,Low,0.4,24.7,54.6,2,6,1,1,0,0,1,1,0,0,0,1,1,0,0,0,0,0,0,0,1,0,0,0,0,0,0,0,0,0,0,0,0,0,0,0,0,0,0,0,0,0,0,0,0,0,0,0,0,0,0,0,0,0,0,0,0,0,0,0,0,8,0,0,26,17,0,0,0,0,0,0,0,0,0,0,only 3 transects surveyed,,,
Pt. Orient S,POB,6/18/2019,bench,1,Mid,3.3,6.1,10.3,40,4,0,1,0,0,1,1,0,0,0,1,1,1,1,0,0,0,0,0,0,0,0,0,1,0,0,0,1,0,0,0,0,0,0,0,0,0,0,0,0,0,0,0,0,0,0,0,0,0,0,0,0,0,0,0,0,0,1,0,0,5,0,0,0,1,0,0,0,0,0,0,0,0,0,0,only 3 transects surveyed,,,
Pt. Orient S,POB,6/18/2019,bench,2,Low,0.6,6.6,1.6,0,0,1,1,0,0,1,0,0,0,0,0,1,1,0,0,0,0,0,0,1,0,0,0,0,0,0,0,0,0,0,0,0,0,0,0,0,0,0,0,0,0,0,0,0,0,0,0,0,0,0,0,0,0,0,0,0,0,0,0,0,3,0,1,11,8,0,0,0,0,0,0,0,0,0,0,only 3 transects surveyed,,,
Pt. Orient S,POB,6/18/2019,bench,2,Mid,3.8,6.5,19.6,95,8,1,1,1,0,0,1,0,0,0,1,1,1,1,0,0,0,0,0,0,0,0,0,0,0,0,0,0,0,0,0,0,0,0,0,0,0,0,0,0,0,0,0,0,0,0,0,0,0,0,0,0,0,0,0,0,0,0,0,0,17,0,1,7,0,0,0,0,0,0,0,0,0,0,0,only 3 transects surveyed,,,
Pt. Orient S,POB,6/18/2019,bench,3,Low,0.6,0.3,54.8,4,1,0,1,1,0,1,1,0,0,0,0,1,1,0,0,0,0,0,0,1,0,0,0,0,0,0,0,0,0,0,0,0,0,0,0,0,0,0,0,0,0,0,0,0,0,0,0,0,0,0,0,0,0,0,0,0,0,0,0,0,2,0,0,16,28,0,0,0,0,0,0,0,0,0,0,only 3 transects surveyed,,,
Pt. Orient S,POB,6/18/2019,bench,3,Mid,2.7,38.7,37.7,40,5,0,1,0,0,1,1,0,0,0,1,1,1,0,0,0,0,0,0,1,0,0,0,0,0,0,0,0,0,0,0,0,0,0,0,0,0,0,0,0,0,0,0,0,0,0,0,0,0,0,0,0,0,0,0,0,0,1,0,0,4,0,0,4,4,0,0,0,0,0,0,0,0,0,0,only 3 transects surveyed,,,
Pt. Orient S,POB,6/18/2019,bench,4,Low,,,,,,,,,,,,,,,,,,,,,,,,,,,,,,,,,,,,,,,,,,,,,,,,,,,,,,,,,,,,,,,,,,,,,,,,,,,,,,,,only 3 transects surveyed,,,
Pt. Orient S,POB,6/18/2019,bench,4,Mid,,,,,,,,,,,,,,,,,,,,,,,,,,,,,,,,,,,,,,,,,,,,,,,,,,,,,,,,,,,,,,,,,,,,,,,,,,,,,,,,only 3 transects surveyed,,,
Pt. Orient S,POB,6/18/2019,bench,5,Low,,,,,,,,,,,,,,,,,,,,,,,,,,,,,,,,,,,,,,,,,,,,,,,,,,,,,,,,,,,,,,,,,,,,,,,,,,,,,,,,only 3 transects surveyed,,,
Pt. Orient S,POB,6/18/2019,bench,5,Mid,,,,,,,,,,,,,,,,,,,,,,,,,,,,,,,,,,,,,,,,,,,,,,,,,,,,,,,,,,,,,,,,,,,,,,,,,,,,,,,,only 3 transects surveyed,,,
Pt. Orient N,POC,6/18/2019,cobble,1,Low,0.5,0.2,17,0,0,1,1,0,0,0,0,0,0,0,0,0,0,1,0,0,0,0,0,0,0,0,0,0,0,0,0,0,0,0,0,0,0,0,0,0,0,0,0,0,0,0,0,0,0,0,0,0,0,0,0,0,0,0,0,0,0,0,0,0,,0,0,6,,0,0,0,0,0,0,0,0,0,0,"Quadrat data collected by SERC team, translated by Chela from their datasheet to ours. Dashes indicate N/A on datasheets ///Mytilus, oyster scars NOT counted",,,
Pt. Orient N,POC,6/18/2019,cobble,1,Mid,1.5,0.7,0.1,20,0,1,1,0,0,0,0,0,0,1,1,1,1,1,0,0,0,0,0,0,0,0,0,0,0,0,0,0,0,0,0,0,0,0,0,0,0,0,0,0,0,0,0,0,0,0,0,0,0,0,0,0,0,0,0,0,0,0,0,0,,0,0,57,,0,0,0,0,0,0,0,0,0,0,"Quadrat data collected by SERC team, translated by Chela from their datasheet to ours. Dashes indicate N/A on datasheets ///Mytilus, oyster scars NOT counted",,,
Pt. Orient N,POC,6/18/2019,cobble,2,Low,0.5,5.4,2.5,,,1,1,0,0,0,0,0,0,0,1,1,1,1,0,0,0,0,0,0,0,0,0,0,0,0,0,0,0,0,0,0,0,0,0,0,0,0,0,0,0,0,0,0,0,0,0,0,0,0,0,0,0,0,0,0,0,0,0,0,,0,0,28,,0,0,0,0,0,0,0,0,0,0,"Quadrat data collected by SERC team, translated by Chela from their datasheet to ours. Dashes indicate N/A on datasheets ///Mytilus, oyster scars NOT counted",,,
Pt. Orient N,POC,6/18/2019,cobble,2,Mid,1.5,3.4,4.3,20,8,1,1,0,0,0,0,0,0,0,1,1,1,1,0,0,0,0,0,0,0,0,0,0,0,0,0,0,0,0,0,0,0,0,0,0,0,0,0,0,0,0,0,0,0,0,0,0,0,0,0,0,0,0,0,0,0,0,0,0,,0,0,14,,0,0,0,0,0,0,0,0,0,0,"Quadrat data collected by SERC team, translated by Chela from their datasheet to ours. Dashes indicate N/A on datasheets ///Mytilus, oyster scars NOT counted",,,
Pt. Orient N,POC,6/18/2019,cobble,3,Low,0.5,2.7,15.2,10,0,1,1,0,0,0,0,0,0,1,1,1,1,1,0,0,0,0,0,0,0,0,0,0,0,0,0,0,0,0,0,0,0,0,0,0,0,0,0,0,0,0,0,0,0,0,0,0,0,0,0,0,0,0,0,0,0,0,0,0,,0,0,23,,0,0,0,0,0,0,0,0,0,0,"Quadrat data collected by SERC team, translated by Chela from their datasheet to ours. Dashes indicate N/A on datasheets ///Mytilus, oyster scars NOT counted",,,
Pt. Orient N,POC,6/18/2019,cobble,3,Mid,1.5,5.5,2,5,0,1,1,0,0,0,0,0,0,0,0,1,1,1,0,0,0,0,0,0,0,0,0,0,0,0,0,0,0,0,0,0,0,0,0,0,0,0,0,0,0,0,0,0,0,0,0,0,0,0,0,0,0,0,0,0,0,0,0,0,,0,0,3,,0,0,0,0,0,0,0,0,0,0,"Quadrat data collected by SERC team, translated by Chela from their datasheet to ours. Dashes indicate N/A on datasheets ///Mytilus, oyster scars NOT counted",,,
Pt. Orient N,POC,6/18/2019,cobble,4,Low,0.5,0.9,13.6,5,0,1,1,0,0,0,0,0,0,0,1,1,1,0,0,0,0,0,0,0,0,0,0,0,0,0,0,1,0,0,0,0,0,0,0,0,0,0,0,0,0,0,0,0,0,0,0,0,0,0,0,0,0,0,0,0,0,0,0,0,,0,0,5,,0,0,0,0,0,0,0,0,0,0,"Quadrat data collected by SERC team, translated by Chela from their datasheet to ours. Dashes indicate N/A on datasheets ///Mytilus, oyster scars NOT counted",,,
Pt. Orient N,POC,6/18/2019,cobble,4,Mid,1.5,0.8,29,5,0,1,1,0,0,0,0,0,0,0,1,1,0,1,0,0,0,0,0,0,0,0,0,0,0,0,0,0,0,0,0,0,0,0,0,0,0,0,0,0,0,0,0,0,0,0,0,0,0,0,0,0,0,0,0,0,0,0,0,0,,0,0,12,,0,0,0,0,0,0,0,0,0,0,"Quadrat data collected by SERC team, translated by Chela from their datasheet to ours. Dashes indicate N/A on datasheets ///Mytilus, oyster scars NOT counted",,,
Pt. Orient N,POC,6/18/2019,cobble,5,Low,0.5,5.2,10.6,10,0,1,1,0,0,0,0,0,0,0,1,1,1,1,0,0,0,0,0,0,0,0,0,0,0,0,0,0,0,0,0,0,0,0,0,0,0,0,0,0,0,0,0,0,0,0,0,0,0,0,0,0,0,0,0,0,0,0,0,0,,0,0,47,,0,0,0,0,0,0,0,0,0,0,"Quadrat data collected by SERC team, translated by Chela from their datasheet to ours. Dashes indicate N/A on datasheets ///Mytilus, oyster scars NOT counted",,,
Pt. Orient N,POC,6/18/2019,cobble,5,Mid,1.5,3.4,13,30,0,0,1,0,0,0,0,0,0,0,1,1,0,1,0,0,0,0,0,0,0,0,1,0,0,0,0,0,0,0,0,0,0,0,0,0,0,0,0,0,0,0,0,0,0,0,0,0,0,0,0,0,0,0,0,0,0,0,0,0,,0,0,73,,0,0,0,0,0,0,0,0,0,0,"Quadrat data collected by SERC team, translated by Chela from their datasheet to ours. Dashes indicate N/A on datasheets ///Mytilus, oyster scars NOT counted",,,
Pt. San Pablo,RRR,6/19/2019,riprap,1,Low,0.5,0,20,0,0,1,1,0,0,1,1,0,0,1,0,1,1,1,0,0,0,0,0,0,0,0,1,0,0,0,0,0,0,0,0,0,0,0,0,0,0,0,0,0,0,0,0,0,0,0,0,0,0,0,0,0,0,0,0,0,0,0,0,0,1,0,0,26,17,0,0,0,0,0,0,0,0,0,0,,,,
Pt. San Pablo,RRR,6/19/2019,riprap,1,Mid,3.4,4.9,12.9,25,3,1,1,1,0,1,1,0,0,1,1,1,0,0,0,0,0,0,0,0,0,0,1,0,0,0,0,0,0,0,0,0,0,0,0,0,0,0,0,0,0,0,0,0,0,0,0,0,0,0,0,0,0,0,0,0,0,0,0,0,0,0,0,0,0,0,0,0,0,0,0,0,0,0,0,,,,
Pt. San Pablo,RRR,6/19/2019,riprap,2,Low,0.4,6.4,21.2,0,0,1,1,0,0,1,0,0,0,0,1,1,1,0,0,0,0,0,0,0,0,0,1,0,0,0,0,0,0,0,0,0,0,0,0,0,0,0,0,0,0,0,0,0,0,0,0,0,0,0,0,0,0,0,0,0,0,0,0,0,2,0,0,13,61,0,0,0,0,0,0,0,0,0,0,,,,
Pt. San Pablo,RRR,6/19/2019,riprap,2,Mid,4.1,4.9,16,30,0,1,1,1,0,1,0,0,0,0,1,1,0,0,0,0,0,0,0,0,0,0,1,0,0,0,0,0,0,0,0,0,0,0,0,0,0,0,0,0,0,0,0,0,0,0,0,0,0,0,0,0,0,0,0,0,0,0,0,0,0,0,0,0,1,0,0,0,0,0,0,0,0,0,0,,,,
Pt. San Pablo,RRR,6/19/2019,riprap,3,Low,0.5,6,21.6,0.1,0,1,1,0,0,1,0,0,0,1,0,1,1,0,0,0,0,0,0,0,0,0,0,0,0,0,0,0,0,0,0,0,0,0,0,0,0,0,0,0,0,0,0,0,0,0,0,0,0,0,0,0,0,0,0,0,0,0,0,0,3,0,0,12,23,0,0,0,0,0,0,0,0,0,0,,,,<1
Pt. San Pablo,RRR,6/19/2019,riprap,3,Mid,4,10.4,26.5,10,0,1,1,0,0,0,0,0,0,1,1,1,1,1,0,0,0,0,0,0,0,0,1,0,0,0,0,0,0,0,0,0,0,0,0,0,0,0,0,0,0,0,0,0,0,0,0,0,0,0,0,0,0,0,0,0,0,0,0,0,1,0,0,0,0,0,0,0,0,0,0,0,0,0,0,,,,
Pt. San Pablo,RRR,6/19/2019,riprap,4,Low,0.8,1.2,12.4,0,0,1,1,0,0,1,1,0,0,1,0,1,1,1,0,0,0,0,1,0,0,0,0,1,0,0,0,0,0,0,0,0,0,0,0,0,0,0,0,0,0,0,0,0,0,0,0,0,0,0,0,0,0,0,0,0,0,0,0,0,30,0,0,54,41,0,0,0,0,0,0,0,0,0,0,,,,
Pt. San Pablo,RRR,6/19/2019,riprap,4,Mid,3.7,8.2,19,10,5,1,1,0,0,1,1,0,0,1,1,1,0,0,0,0,0,0,0,0,0,0,0,0,0,0,0,0,0,0,0,0,0,0,0,0,0,0,0,0,0,0,0,0,0,0,0,0,0,0,0,0,0,0,0,0,0,0,0,0,0,0,0,1,2,0,0,0,0,0,0,0,0,0,0,,,,
Pt. San Pablo,RRR,6/19/2019,riprap,5,Low,0.6,8.2,4.1,0.1,0,1,1,0,0,0,0,0,0,1,,1,,1,0,0,0,0,0,0,0,0,0,0,0,0,0,0,0,0,0,0,0,0,0,0,0,0,0,0,0,0,0,0,0,1,0,0,0,0,0,0,0,0,0,0,0,0,0,0,0,0,0,3,48,0,0,0,0,0,0,0,0,0,0,,,,<1
Pt. San Pablo,RRR,6/19/2019,riprap,5,Mid,4,3.4,11.2,60,0,1,1,0,0,0,0,0,0,1,1,1,0,0,0,0,0,0,0,0,0,0,0,0,0,0,0,0,0,0,0,0,0,0,0,0,0,0,0,0,0,0,0,0,0,0,0,0,0,0,0,0,0,0,0,0,0,0,0,0,2,0,0,7,87,0,0,0,0,0,0,0,0,0,0,,,,
RTC North Dock,RTCR,6/5/2019,riprap,1,Low,1.7,6.1,26.5,0,5,0,1,0,0,0,1,0,0,1,0,1,0,1,0,1,1,1,1,1,0,0,1,0,0,0,0,0,0,0,0,0,0,0,0,0,0,0,0,0,1,0,0,0,0,0,0,1,0,0,0,0,0,0,0,0,0,0,0,0,22,0,0,1,4,0,0,0,0,0,0,0,0,0,0,,,,
RTC North Dock,RTCR,6/5/2019,riprap,1,Mid,5.2,61.6,32.3,18,5,1,1,0,1,0,1,0,0,1,1,1,0,0,0,0,1,0,0,0,0,0,1,0,0,0,0,0,0,0,0,0,0,0,0,0,0,0,0,0,0,0,0,0,0,0,0,0,0,0,0,0,0,0,0,0,0,5,0,0,0,0,0,0,0,0,0,0,0,0,0,0,0,0,0,not much gastropod/bivalve settling space,,,
RTC North Dock,RTCR,6/5/2019,riprap,2,Low,1.7,8.2,17.4,0,1,1,1,0,0,0,1,0,1,1,0,0,1,1,0,0,1,0,0,1,0,0,1,0,0,0,0,0,0,0,0,0,1,0,0,0,0,0,0,0,1,0,0,0,0,0,0,1,1,0,0,0,0,0,0,0,0,0,0,0,72,0,0,0,19,0,0,0,0,0,0,0,0,0,0,,,,
RTC North Dock,RTCR,6/5/2019,riprap,2,Mid,7.1,26.7,18.8,68,7,1,1,1,1,1,1,0,0,1,1,1,0,0,0,0,0,0,0,0,0,0,1,1,0,0,0,0,0,0,0,0,0,0,0,0,0,0,0,0,0,0,0,0,0,0,0,0,0,0,0,0,0,0,0,0,0,0,0,0,0,0,0,0,6,0,0,0,0,0,0,0,0,0,0,,,,
RTC North Dock,RTCR,6/5/2019,riprap,3,Low,1.7,5.6,2.2,0,1,1,1,0,0,0,1,0,0,0,0,0,0,1,0,1,0,0,0,0,0,0,1,0,0,0,0,0,0,0,0,0,1,0,0,0,0,0,0,0,1,0,0,0,0,0,0,1,0,0,0,0,0,0,0,0,0,0,0,0,0,0,0,0,4,0,0,0,0,0,0,0,0,0,0,"There are measurements for ""HAIRY M"" but I don't know what they are...",,,
RTC North Dock,RTCR,6/5/2019,riprap,3,Mid,6.3,2.8,6.5,40,5,0,1,0,1,0,1,0,0,1,1,1,0,1,0,0,1,1,0,0,0,0,1,0,0,0,0,1,0,0,0,0,0,0,0,0,0,0,0,0,0,0,0,0,0,0,0,0,0,0,0,0,0,0,0,0,0,7,0,0,1,0,0,10,16,0,0,0,0,0,0,0,0,0,0,,,,
RTC North Dock,RTCR,6/5/2019,riprap,4,Low,2.3,0,9.7,0,0,0,1,0,0,,1,0,0,0,0,1,0,0,0,0,1,1,0,0,0,0,0,0,0,0,0,0,0,0,0,0,0,0,0,0,0,0,0,0,1,0,0,0,0,0,0,0,0,0,0,0,0,0,0,0,0,0,0,0,1,0,0,3,6,1,0,0,0,0,0,0,0,0,0,,,,
RTC North Dock,RTCR,6/5/2019,riprap,4,Mid,4.85,4.7,8.6,7,2,0,1,1,1,0,1,0,0,0,1,1,0,0,0,0,1,0,0,0,0,0,1,0,0,0,0,0,0,0,0,0,0,0,0,0,0,0,0,0,0,0,0,0,0,0,0,0,0,0,0,0,0,0,0,0,0,2,0,1,0,0,0,0,0,0,0,0,0,0,0,0,0,0,0,,,,
RTC North Dock,RTCR,6/5/2019,riprap,5,Low,2,73.9,26.8,0,1,0,1,0,0,0,0,0,0,0,0,1,0,0,0,0,0,1,0,0,0,0,0,1,0,0,0,0,0,0,0,0,1,0,0,0,0,0,0,0,1,0,0,0,0,0,0,1,1,0,0,0,0,0,0,0,0,0,0,0,0,0,0,0,0,0,0,0,0,0,0,0,0,0,0,,,,
RTC North Dock,RTCR,6/5/2019,riprap,5,Mid,4.25,6,93.4,55,3,1,1,1,1,0,1,0,0,1,1,1,0,0,0,0,0,0,0,0,0,0,1,0,0,0,0,0,0,0,0,0,0,0,0,0,0,0,0,0,0,0,0,0,0,0,0,0,0,0,0,0,0,0,0,0,0,0,0,0,0,0,0,0,0,0,0,0,0,0,0,0,0,0,0,,,,
RTC Beach,RTCC,5/11/2019,cobble,1,Low,2,1.4,11.1,0,1,1,1,1,0,1,1,0,0,1,0,1,1,0,0,0,0,0,0,1,0,0,0,0,0,0,0,0,0,0,0,0,0,0,0,0,0,0,0,0,0,0,0,0,0,0,0,0,0,0,0,0,0,0,0,0,0,0,0,0,1,0,0,0,11,0,0,0,0,0,0,0,0,0,0,1 oyster scar was a box,2L,,
RTC Beach,RTCC,5/11/2019,cobble,1,Mid,4.6,5.5,14.5,10,3,0,1,1,0,1,1,0,0,1,1,1,0,0,0,0,0,0,0,1,0,0,0,0,0,0,0,0,0,0,0,0,0,0,0,0,0,0,0,0,0,0,0,0,0,0,0,0,0,0,0,0,0,0,0,0,0,1,0,0,0,0,0,0,1,0,0,0,0,0,0,0,0,0,0,,4.6R,,
RTC Beach,RTCC,5/11/2019,cobble,2,Low,1.4,2.7,6.8,0,1,1,1,1,0,1,1,0,1,1,1,1,1,1,0,0,0,0,0,1,0,0,0,0,0,0,0,0,0,0,0,0,0,0,0,0,0,0,0,0,0,0,0,0,0,0,1,0,0,0,0,0,0,0,0,0,0,1,0,0,1,0,0,0,5,0,0,0,0,0,0,0,0,0,0,,,,
RTC Beach,RTCC,5/11/2019,cobble,2,Mid,3.2,1.1,19.8,10,0,0,1,0,0,1,1,0,0,0,1,1,0,1,0,0,0,0,0,0,0,1,0,0,0,0,0,0,0,0,0,0,0,0,0,0,0,0,0,0,0,0,0,0,0,0,0,0,0,1,0,0,0,0,0,0,0,0,0,0,0,0,0,0,0,0,0,0,0,0,0,0,0,0,0,,3.2R,,
RTC Beach,RTCC,5/11/2019,cobble,3,Low,1,12.1,15.5,0,0,1,1,0,0,1,1,0,1,0,1,1,1,1,0,0,0,0,0,0,0,0,0,1,0,0,0,0,0,0,0,0,1,0,0,0,0,0,0,0,0,0,0,0,0,0,0,1,0,1,0,0,0,0,0,0,0,0,0,0,1,0,0,1,2,0,0,0,0,0,0,0,0,0,0,,,,
RTC Beach,RTCC,5/11/2019,cobble,3,Mid,4.2,12.3,22.5,25,10,0,1,1,1,1,1,0,0,1,1,1,0,0,0,0,0,0,0,0,0,1,0,0,0,0,0,0,0,0,0,0,0,0,0,0,0,0,0,0,0,0,0,0,0,0,0,0,0,0,0,0,0,0,0,0,0,2,0,0,0,0,0,11,9,1,0,0,0,0,0,0,0,0,0,,4.2R,,
RTC Beach,RTCC,5/11/2019,cobble,4,Low,1,13.7,13.8,0,1,1,1,0,0,1,0,0,0,0,0,1,0,0,0,0,0,0,0,0,0,0,0,1,0,0,0,0,0,0,0,0,1,0,0,0,0,0,0,0,0,0,0,0,0,0,0,1,0,1,0,0,0,0,0,0,0,1,0,0,0,0,0,0,1,0,0,0,0,0,0,0,0,0,0,"Fucus germling present. Mostly large rocks and small cobble/gravel, too big/embedded to turn over.",,,
RTC Beach,RTCC,5/11/2019,cobble,4,Mid,4.5,12.6,8.4,70,13,0,1,1,0,0,1,0,0,1,1,1,0,0,0,0,0,0,0,0,0,1,0,0,0,0,0,0,0,0,0,0,0,0,0,0,0,0,0,0,0,0,0,0,0,0,0,0,0,0,0,0,0,0,0,0,0,1,0,2,0,0,0,0,3,0,0,0,0,0,0,0,0,0,0,Quadrat 0.5m to left of tape to get fucus patch,,,
RTC Beach,RTCC,5/11/2019,cobble,5,Low,1,0.7,12,0,0,1,1,0,0,1,1,0,0,0,1,0,0,0,0,0,0,0,0,0,0,0,0,0,0,0,0,0,0,0,0,0,1,0,0,0,0,0,0,0,0,0,0,0,0,0,0,0,0,0,0,0,0,0,0,0,0,1,0,2,0,0,0,0,3,0,0,0,0,0,0,0,0,0,0,,1L,,
RTC Beach,RTCC,5/11/2019,cobble,5,Mid,5.5,6.7,15.4,25,5,1,1,1,1,0,1,0,0,1,1,1,0,0,0,0,0,0,0,0,0,0,0,0,0,0,0,0,0,0,0,0,0,0,0,0,0,0,0,0,0,0,0,0,0,0,0,0,0,1,0,0,0,0,0,0,0,6,0,2,0,0,0,0,0,0,0,0,0,0,0,0,0,0,0,,5.5R,,
RTC Theater,RTCS,5/7/2019,seawall,2.5,High,,5.8,15.3,0.1,3,1,1,1,1,0,1,0,0,0,1,1,0,0,0,0,0,0,0,0,0,0,0,0,0,0,0,0,0,0,0,0,0,0,0,0,0,0,0,0,0,0,0,0,0,0,0,0,0,0,0,0,0,0,0,0,0,22,0,9,0,0,0,0,0,0,0,0,0,0,0,0,0,0,0,,,b.w 2 & 3,<1
RTC Theater,RTCS,5/7/2019,seawall,2.5,Mid,,2.5,6.2,15,0,1,1,0,0,1,1,0,1,1,1,1,1,1,0,0,0,0,0,0,0,0,0,1,0,0,0,0,0,0,0,0,0,0,0,0,0,0,0,0,0,0,0,0,0,0,0,0,0,0,0,0,0,0,0,0,0,19,0,0,1,0,0,3,1,0,0,0,0,0,0,0,0,0,0,Position against wall,,b.w 2 & 3,
RTC Theater,RTCS,5/7/2019,seawall,3,High,2.4,13.4,15.8,0,12,1,,1,1,0,1,0,0,0,1,1,0,0,0,0,0,0,0,0,0,0,0,0,0,0,0,0,0,0,0,0,0,0,0,0,0,0,0,0,0,0,0,0,0,0,0,0,0,0,0,0,0,0,0,0,0,28,0,3,0,0,0,0,0,0,0,0,0,0,0,0,0,0,0,,,,
RTC Theater,RTCS,5/7/2019,seawall,3,Mid,1.3,6.7,12.3,40,48,1,1,1,1,1,1,1,0,1,1,0,0,0,0,0,0,0,0,0,0,0,0,0,0,0,0,0,0,0,0,0,0,0,0,0,0,0,0,0,0,0,0,0,0,0,0,0,0,0,0,0,0,0,0,0,0,2,0,0,0,0,0,0,0,0,0,0,0,0,0,0,0,0,0,,,,
RTC Theater,RTCS,5/7/2019,seawall,4,High,3.5,15.2,18.4,0,2,1,1,1,0,0,1,0,0,0,1,1,0,0,0,0,0,0,0,0,0,0,0,0,0,0,0,0,0,0,0,0,0,0,0,0,0,0,0,0,0,0,0,0,0,0,0,0,0,0,0,0,0,0,0,0,0,0,0,0,0,0,0,0,0,0,0,0,0,0,0,0,0,0,0,,,,
RTC Theater,RTCS,5/7/2019,seawall,4,Mid,1.4,5,11.3,30,0,1,1,0,0,1,0,0,0,0,0,0,0,0,0,0,0,0,0,0,0,0,1,1,0,0,0,0,0,0,0,0,0,0,0,0,0,0,0,0,0,0,0,0,0,0,0,0,0,0,0,0,0,0,0,0,0,0,0,0,0,0,0,0,0,0,0,0,0,0,0,0,0,0,0,,,,
RTC Theater,RTCS,5/7/2019,seawall,4.5,High,,3.9,16.5,0.1,0,1,0,1,0,0,0,1,0,0,1,1,0,0,0,0,0,0,0,0,0,0,0,0,0,0,0,0,0,0,0,0,0,0,0,0,0,0,0,0,0,0,0,0,0,0,0,0,0,0,0,0,0,0,0,0,0,10,0,0,0,0,0,0,0,0,0,0,0,0,0,0,0,0,0,,,b.w 4 & 5,<1
RTC Theater,RTCS,5/7/2019,seawall,4.5,Mid,,23.8,16.8,40,2,1,1,1,1,0,1,0,0,1,1,1,0,0,0,0,0,0,0,0,0,0,0,0,0,0,0,0,0,0,0,0,0,0,0,0,0,0,0,0,0,0,0,0,0,0,0,0,0,0,0,0,0,0,0,0,0,1,0,0,0,0,0,0,0,0,0,0,0,0,0,0,0,0,0,Position against wall,,b.w 4 & 5,
RTC Theater,RTCS,5/7/2019,seawall,5,High,2.3,13.2,20.1,0,15,1,0,1,0,0,1,0,0,0,1,1,0,0,0,0,0,0,0,0,0,0,0,0,0,0,0,0,0,0,0,0,0,0,0,0,0,0,0,0,0,0,0,0,0,0,0,0,0,0,0,0,0,0,0,0,0,3,0,0,0,0,0,0,0,0,0,0,0,0,0,0,0,0,0,,,,
RTC Theater,RTCS,5/7/2019,seawall,5,Mid,1.4,1,22.5,100,8,1,1,0,0,0,1,0,0,0,1,1,0,0,0,0,0,0,0,0,0,0,1,1,0,0,0,0,0,0,0,0,0,0,0,0,0,0,0,0,0,0,0,0,0,0,0,0,0,0,0,0,0,0,0,0,0,24,0,0,0,0,0,0,0,0,0,0,0,0,0,0,0,0,0,,,,
San Quentin Beach,SQB,6/7/2019,bench,1,Low,0.5,1.9,8.9,0,0,1,1,0,0,1,1,0,0,0,0,1,1,0,0,0,0,0,0,1,0,0,1,0,0,0,0,0,0,0,0,0,0,0,0,0,0,0,0,0,0,0,0,0,0,0,0,1,0,0,0,0,0,0,0,0,0,0,0,0,1,0,0,6,5,0,0,0,0,0,0,0,0,0,0,,,,
San Quentin Beach,SQB,6/7/2019,bench,1,Mid,5.2,4.6,63.7,80,7,0,1,0,0,0,1,0,0,0,1,1,1,1,0,0,1,0,0,0,0,0,1,0,0,0,0,0,0,0,0,0,0,0,0,0,0,0,0,0,0,0,0,0,0,0,0,0,0,0,0,0,0,0,0,0,0,0,0,0,22,0,0,0,1,0,0,0,0,0,0,0,0,0,0,,,,
San Quentin Beach,SQB,6/7/2019,bench,2,Low,1.2,24.8,7.7,0,0,0,1,0,0,1,0,0,0,0,0,1,1,0,0,0,1,1,0,0,0,0,0,0,0,0,0,0,0,0,0,0,0,0,0,0,1,0,0,0,0,0,0,0,0,0,0,1,0,0,0,0,0,0,0,0,0,0,0,0,2,0,0,19,26,0,0,0,0,0,0,0,0,1,0,,,,
San Quentin Beach,SQB,6/7/2019,bench,2,Mid,5.5,24.2,23.8,40,5,0,1,0,0,0,0,0,0,0,1,1,1,1,0,0,0,0,0,1,0,0,1,0,0,0,0,0,0,0,0,0,0,0,0,0,0,0,0,0,0,0,0,0,0,0,0,0,0,0,0,0,0,0,0,0,0,0,0,0,28,0,0,3,3,0,0,0,0,0,0,0,0,0,0,,,,
San Quentin Beach,SQB,6/7/2019,bench,3,Low,1,7.6,14.9,0,0,0,1,0,0,0,1,0,0,0,0,1,0,0,0,0,1,1,0,0,0,0,0,0,0,0,0,0,0,0,0,0,0,0,0,0,0,0,0,0,0,0,0,0,0,0,0,1,0,0,0,0,0,0,0,0,0,0,0,0,1,0,0,4,0,0,0,0,0,0,0,0,0,0,0,,,,
San Quentin Beach,SQB,6/7/2019,bench,3,Mid,4.2,16.5,12.4,70,8,0,1,1,0,0,1,0,0,1,1,1,1,1,0,0,1,0,0,0,0,0,1,0,0,0,0,0,0,0,0,0,0,0,0,0,0,0,0,0,0,0,0,0,0,0,0,0,0,0,0,0,0,0,0,0,0,0,0,0,43,0,0,0,3,0,0,0,0,0,0,0,0,0,0,,,,
San Quentin Beach,SQB,6/7/2019,bench,4,Low,1,4.8,9.8,0,0,0,1,0,0,0,1,0,0,1,0,0,0,1,0,0,1,1,0,1,0,0,1,0,0,0,0,0,0,0,0,0,0,0,0,0,1,0,0,0,0,0,0,0,0,0,0,1,0,0,0,0,0,0,0,0,0,0,0,0,1,0,0,28,18,0,0,0,0,0,0,0,0,0,0,,,,
San Quentin Beach,SQB,6/7/2019,bench,4,Mid,6.5,26.6,4.7,40,13,0,1,0,0,0,1,0,0,0,1,1,1,1,0,0,0,0,0,1,0,0,1,0,0,0,0,0,0,0,0,0,0,0,0,0,0,0,0,0,0,0,0,0,0,0,0,0,0,0,0,0,0,0,0,0,0,0,0,0,5,0,0,0,5,0,0,0,0,0,0,0,0,0,0,,,,
San Quentin Beach,SQB,6/7/2019,bench,5,Low,1,2.3,5.9,0,0,1,0,0,0,0,1,0,0,1,0,1,1,1,0,0,1,0,1,0,0,0,1,0,0,0,0,0,0,0,0,0,0,0,0,0,0,0,0,0,0,0,0,0,0,0,0,1,0,0,0,0,0,0,0,0,0,3,0,0,0,0,0,14,27,0,0,0,0,0,0,0,0,0,0,,,,
San Quentin Beach,SQB,6/7/2019,bench,5,Mid,4.2,23.3,50.1,80,5,0,1,0,0,0,1,0,0,0,1,1,1,1,0,0,0,0,0,0,0,0,1,0,0,0,0,0,0,0,0,0,0,0,0,0,0,0,0,0,0,0,0,0,0,0,0,0,0,0,0,0,0,0,0,0,0,0,0,0,10,0,0,0,0,0,0,0,0,0,0,0,0,0,0,,,,
SF Marina,SFMS,5/23/2019,seawall,1,Low,0,4.7,41.6,0,6,1,1,0,0,0,1,0,0,0,1,1,1,1,0,0,1,0,0,0,0,0,0,0,1,0,0,0,0,0,1,0,0,0,1,0,0,0,0,0,0,0,1,0,0,0,0,0,0,0,1,1,0,0,0,0,0,5,0,0,7,0,0,0,0,1,0,0,0,0,0,0,0,0,0,,,,
SF Marina,SFMS,5/23/2019,seawall,1,Low,0,26.5,40.2,0,8,0,1,0,0,0,1,0,0,0,1,1,1,0,0,0,0,1,0,0,0,0,0,0,0,0,0,1,1,0,1,0,1,0,0,0,0,0,0,0,0,0,1,0,0,0,0,1,0,0,0,1,0,0,1,1,0,67,0,0,18,0,0,0,0,0,0,0,0,0,0,0,0,0,0,,,-1,
SF Marina,SFMS,5/23/2019,seawall,1,Mid,1.6,2.3,77.5,75,1,1,1,0,1,0,1,0,0,0,1,1,0,0,0,0,1,0,0,0,0,1,0,0,1,0,0,0,1,0,1,0,0,0,1,0,0,0,0,0,0,0,1,0,0,0,0,0,0,0,1,1,1,0,0,0,0,23,0,0,1,0,0,0,0,0,0,0,0,0,0,0,0,0,0,,,,
SF Marina,SFMS,5/23/2019,seawall,1,Mid,1,1.4,89.4,65,6,0,1,1,0,0,1,0,0,0,11,1,1,0,0,0,0,1,0,0,0,0,0,0,0,0,0,0,1,0,0,0,0,0,0,0,0,0,0,0,0,0,1,0,0,0,0,0,0,0,0,0,0,0,0,0,0,7,0,1,2,0,0,0,0,0,0,0,0,0,0,0,0,0,0,,,-1,
SF Marina,SFMS,5/23/2019,seawall,1.5,Low,0,4,14.5,0,1,0,1,0,1,0,0,0,0,0,1,1,0,0,0,0,1,1,0,0,0,0,0,0,0,0,0,0,1,0,1,0,1,0,0,0,0,0,0,0,0,0,1,0,0,0,0,0,0,0,0,1,0,1,1,0,0,45,1,0,0,12,0,0,1,0,0,0,0,0,0,0,0,0,0,,,b.w 1 & 2,
SF Marina,SFMS,5/23/2019,seawall,1.5,Mid,1.25,0.6,78.3,60,1,1,1,0,0,0,1,0,0,0,1,1,1,0,0,0,0,0,0,0,0,0,0,0,0,0,0,0,1,0,0,0,0,0,0,0,0,0,0,0,0,0,0,0,0,0,0,0,0,0,0,0,0,0,0,0,0,27,0,6,1,0,0,0,0,0,0,0,0,0,0,0,0,0,0,,,b.w 1 & 2,
SF Marina,SFMS,5/23/2019,seawall,2,Low,1.1,4,82.9,70,9,0,1,0,0,0,0,0,0,1,1,1,1,1,0,0,1,1,0,0,0,0,0,0,0,0,0,0,1,0,1,0,1,0,0,0,0,0,0,0,0,0,0,0,0,0,0,1,0,0,0,1,0,0,0,0,0,4,0,0,0,11,0,0,0,0,0,0,0,0,0,0,0,0,0,,,-2,
SF Marina,SFMS,5/23/2019,seawall,2,Mid,0,1.5,11,0,3,0,1,0,0,0,1,0,0,1,1,1,0,0,0,0,0,1,0,0,0,0,1,0,0,0,0,0,1,0,0,0,0,0,0,0,0,0,0,0,0,1,1,0,0,0,0,0,0,0,0,0,1,0,0,0,0,8,0,6,0,0,0,0,0,0,0,0,0,0,0,0,0,0,0,,,-2,
SF Marina,SFMS,5/23/2019,seawall,3,Low,0,37.6,8.21,0,6,0,0,0,0,0,1,0,0,0,1,1,1,0,0,0,1,1,0,0,0,0,0,0,1,0,0,0,1,0,0,0,0,0,1,1,0,0,0,0,0,0,1,0,0,0,0,1,0,0,0,0,0,0,0,1,1,3,0,0,0,8,0,0,0,0,0,0,0,0,0,0,0,0,1,,,-3,
SF Marina,SFMS,5/23/2019,seawall,3,Mid,1,0.1,79.6,90,1,0,1,0,0,0,1,0,0,0,1,1,1,0,0,0,1,1,0,0,0,0,0,0,0,0,0,0,1,0,0,0,0,0,0,0,0,0,0,0,0,0,0,0,0,0,0,0,0,0,0,0,0,0,0,0,0,5,0,3,0,0,0,0,0,0,0,0,0,0,0,0,0,0,0,,,-3,
Starkweather Park,SWR,6/10/2019,riprap,1,Low,0.5,1,15.4,80,4,0,1,0,0,1,0,0,0,1,0,1,1,0,0,0,0,0,0,0,0,0,0,0,0,0,0,0,0,0,0,0,0,0,0,0,0,0,0,0,0,0,0,0,0,0,0,0,0,0,0,0,0,0,0,0,0,0,0,0,2,0,0,25,33,0,0,0,0,0,0,0,0,0,0,,,,
Starkweather Park,SWR,6/10/2019,riprap,1,Mid,3.5,3.4,1.6,69,3,1,1,1,0,1,1,0,0,1,1,1,1,1,0,0,0,1,0,0,0,0,1,0,0,0,0,1,0,0,0,0,0,0,0,0,0,0,0,0,0,0,0,0,0,0,0,0,0,0,0,0,0,0,0,0,0,0,0,0,6,0,0,13,97,0,0,0,0,0,0,0,0,0,0,,,,
Starkweather Park,SWR,6/10/2019,riprap,2,Low,0.6,2.3,14.7,35,7,1,1,0,0,1,1,0,0,0,0,1,0,0,0,0,0,0,0,0,0,0,1,0,0,0,0,0,0,0,0,0,0,0,0,0,0,0,0,0,0,0,0,0,0,0,0,0,0,0,0,0,0,0,0,0,0,0,0,0,0,0,0,18,24,0,0,0,0,0,0,0,0,3,0,,,,
Starkweather Park,SWR,6/10/2019,riprap,2,Mid,3.4,1.3,6.5,45,4,1,1,1,0,1,1,0,0,1,1,1,1,1,0,0,0,0,0,0,0,0,1,0,0,0,0,1,0,0,0,0,0,0,0,0,0,0,0,0,0,0,0,0,0,0,0,0,0,0,0,0,0,0,0,0,0,0,0,1,7,0,0,10,92,0,0,0,0,0,0,0,0,14,0,,,,
Starkweather Park,SWR,6/10/2019,riprap,3,Low,0.6,6.6,14.8,60,1,1,1,1,0,1,1,0,0,1,0,1,0,0,0,0,0,0,0,0,0,0,0,0,0,0,0,0,0,0,0,0,0,0,0,0,0,0,0,0,0,0,0,0,0,0,0,0,0,0,0,0,0,0,0,0,0,0,0,0,1,0,0,7,30,0,0,0,0,0,0,0,0,0,0,,,,
Starkweather Park,SWR,6/10/2019,riprap,3,Mid,3.6,9.2,3.2,54,3,1,1,1,0,1,1,0,0,1,1,1,1,0,0,0,0,0,0,0,0,0,1,0,0,0,0,0,0,0,0,0,0,0,0,0,0,0,0,0,0,0,0,0,0,0,0,0,0,0,0,0,0,0,0,0,0,0,0,0,5,8,0,8,76,0,0,0,0,0,0,0,0,0,0,,,,
Starkweather Park,SWR,6/10/2019,riprap,4,Low,1.2,4.8,19.5,90,1,0,1,1,0,1,1,0,0,1,1,1,1,0,0,0,0,1,0,0,0,0,1,0,0,0,0,0,0,0,0,0,0,0,0,0,0,0,0,0,0,0,0,0,0,0,0,0,0,0,0,0,0,0,0,0,0,0,0,0,2,0,0,17,20,0,0,0,0,0,0,0,0,0,0,,,,
Starkweather Park,SWR,6/10/2019,riprap,4,Mid,5.3,11.7,12.5,70,3,0,1,1,0,1,1,0,0,1,1,1,1,0,0,0,0,1,0,0,0,0,0,0,0,0,0,0,0,0,0,0,0,0,0,0,0,0,0,0,0,0,0,0,0,0,0,0,0,0,0,0,0,0,0,0,0,0,0,0,6,0,0,6,6,0,0,0,0,0,0,0,0,0,0,,,,
Starkweather Park,SWR,6/10/2019,riprap,5,Low,1.1,14.6,11.4,40,0,0,1,1,0,1,0,0,0,0,0,1,1,0,0,0,0,0,0,0,0,0,0,0,0,0,0,0,0,0,0,0,0,0,0,0,0,0,0,0,0,0,0,0,0,0,0,0,0,0,0,0,0,0,0,0,0,0,0,0,2,0,0,15,15,0,0,0,0,0,0,0,0,0,0,,,,
Starkweather Park,SWR,6/10/2019,riprap,5,Mid,6.1,0.2,1,72,3,0,1,1,0,1,0,0,0,0,0,1,1,0,0,0,0,0,0,0,0,0,1,0,0,0,0,0,0,0,0,0,0,0,0,0,0,0,0,0,0,0,0,0,0,0,0,0,0,0,0,0,0,0,0,0,0,0,0,0,11,0,0,3,32,0,0,0,0,0,0,0,0,0,0,,,,
