site_name,date,transect,zone,taxon,size_mm,notes,transect_notes
SF Marina,5/23/2019,3,Mid,Limpet,17,,-3
SF Marina,5/23/2019,3,MId,Limpet,20,,-3
SF Marina,5/23/2019,3,Mid,Limpet,3,,-3
SF Marina,5/23/2019,3,MId,Limpet,12,,-3
SF Marina,5/23/2019,3,Mid,Limpet,8,,-3
SF Marina,5/23/2019,3,Low,Limpet,3,,-3
SF Marina,5/23/2019,3,Low,Limpet,2,,-3
SF Marina,5/23/2019,3,Low,Limpet,2,,-3
SF Marina,5/23/2019,3,MId,Littorine,5,,-3
SF Marina,5/23/2019,3,Mid,Littorine,6,,-3
SF Marina,5/23/2019,3,MId,Littorine,6,,-3
SF Marina,5/23/2019,3,Low,MytCA,33,,-3
SF Marina,5/23/2019,3,Low,MytCA,42,,-3
SF Marina,5/23/2019,3,Low,MytCA,49,,-3
SF Marina,5/23/2019,3,Low,MytCA,32,,-3
SF Marina,5/23/2019,3,Low,MytCA,15,,-3
SF Marina,5/23/2019,3,Low,MytCA,32,,-3
SF Marina,5/23/2019,3,Low,MytCA,61,,-3
SF Marina,5/23/2019,3,Low,MytCA,45,,-3
SF Marina,5/23/2019,3,Low,Tegula,5,,-3
SF Marina,5/23/2019,2,Mid,Limpet,5,,-2
SF Marina,5/23/2019,2,Mid,Limpet,6,,-2
SF Marina,5/23/2019,2,Mid,Limpet,27,,-2
SF Marina,5/23/2019,2,Mid,Limpet,10,,-2
SF Marina,5/23/2019,2,Mid,Limpet,14,,-2
SF Marina,5/23/2019,2,Mid,Limpet,11,,-2
SF Marina,5/23/2019,2,Mid,Limpet,13,,-2
SF Marina,5/23/2019,2,Mid,Limpet,10,,-2
SF Marina,5/23/2019,2,Mid,Limpet,8,,-2
SF Marina,5/23/2019,2,Mid,Littorine,9,,-2
SF Marina,5/23/2019,2,Mid,Littorine,7,,-2
SF Marina,5/23/2019,2,Mid,Littorine,6,,-2
SF Marina,5/23/2019,2,Mid,Littorine,6,,-2
SF Marina,5/23/2019,2,Mid,Littorine,6,,-2
SF Marina,5/23/2019,2,Mid,Littorine,6,,-2
SF Marina,5/23/2019,2,Low,MytCA,10,can't measure most of these because of crevice,-2
SF Marina,5/23/2019,2,Low,MytCA,57,can't measure most of these because of crevice,-2
SF Marina,5/23/2019,2,Low,MytCA,24,can't measure most of these because of crevice,-2
SF Marina,5/23/2019,2,Low,MytCA,30,can't measure most of these because of crevice,-2
SF Marina,5/23/2019,2,Low,MytCA,31,can't measure most of these because of crevice,-2
SF Marina,5/23/2019,2,Low,MytCA,17,can't measure most of these because of crevice,-2
SF Marina,5/23/2019,1,Mid,Limpet,21,,-1
SF Marina,5/23/2019,1,Mid,Limpet,11,,-1
SF Marina,5/23/2019,1,Mid,Limpet,4,,-1
SF Marina,5/23/2019,1,Mid,Limpet,8,,-1
SF Marina,5/23/2019,1,Mid,Limpet,10,,-1
SF Marina,5/23/2019,1,Mid,Limpet,8,,-1
SF Marina,5/23/2019,1,Mid,Limpet,8,,-1
SF Marina,5/23/2019,1,Low,Limpet,1,,-1
SF Marina,5/23/2019,1,Low,Limpet,1,,-1
SF Marina,5/23/2019,1,Low,Limpet,1,,-1
SF Marina,5/23/2019,1,Low,Limpet,1,,-1
SF Marina,5/23/2019,1,Low,Limpet,1,,-1
SF Marina,5/23/2019,1,Low,Limpet,1,,-1
SF Marina,5/23/2019,1,Low,Limpet,1,,-1
SF Marina,5/23/2019,1,Low,Limpet,1,,-1
SF Marina,5/23/2019,1,Low,Limpet,1,,-1
SF Marina,5/23/2019,1,Low,Limpet,1,,-1
SF Marina,5/23/2019,1,Mid,Littorine,8,,-1
SF Marina,5/23/2019,1,Low,MytCA,65,,-1
SF Marina,5/23/2019,1,Low,MytCA,42,,-1
SF Marina,5/23/2019,1,Low,MytCA,23,,-1
SF Marina,5/23/2019,1,Low,MytCA,56,,-1
SF Marina,5/23/2019,1,Low,MytCA,29,,-1
SF Marina,5/23/2019,1,Low,MytCA,53,,-1
SF Marina,5/23/2019,1,Low,MytCA,50,,-1
SF Marina,5/23/2019,1,Low,MytCA,12,,-1
SF Marina,5/23/2019,1,Low,MytCA,7,,-1
SF Marina,5/23/2019,1,Low,MytCA,17,,-1
SF Marina,5/23/2019,1,Mid,Mytilus,12,,-1
SF Marina,5/23/2019,1,Mid,Mytilus,7,,-1
SF Marina,5/23/2019,1.5,Low,Limpet,9,,b.w 1 & 2
SF Marina,5/23/2019,1.5,Low,Limpet,5,,b.w 1 & 2
SF Marina,5/23/2019,1.5,Low,Limpet,4,,b.w 1 & 2
SF Marina,5/23/2019,1.5,Low,Limpet,4,,b.w 1 & 2
SF Marina,5/23/2019,1.5,Low,Limpet,1,,b.w 1 & 2
SF Marina,5/23/2019,1.5,Low,Limpet,1,,b.w 1 & 2
SF Marina,5/23/2019,1.5,Low,Limpet,1,,b.w 1 & 2
SF Marina,5/23/2019,1.5,Low,Limpet,1,,b.w 1 & 2
SF Marina,5/23/2019,1.5,Low,Limpet,1,,b.w 1 & 2
SF Marina,5/23/2019,1.5,Low,Limpet,1,,b.w 1 & 2
SF Marina,5/23/2019,1.5,Low,MytCA,47,,b.w 1 & 2
SF Marina,5/23/2019,1.5,Low,MytCA,13,,b.w 1 & 2
SF Marina,5/23/2019,1.5,Low,MytCA,22,,b.w 1 & 2
SF Marina,5/23/2019,1.5,Low,MytCA,28,,b.w 1 & 2
SF Marina,5/23/2019,1.5,Low,MytCA,32,,b.w 1 & 2
SF Marina,5/23/2019,1.5,Low,MytCA,16,The rest of the mussels couldn't be measured,b.w 1 & 2
RTC Theater,5/7/2019,2.5,Mid,Limpet,5,,b.w 2 & 3
RTC Theater,5/7/2019,2.5,Mid,Limpet,6,,b.w 2 & 3
RTC Theater,5/7/2019,2.5,Mid,Limpet,7,,b.w 2 & 3
RTC Theater,5/7/2019,2.5,Mid,Limpet,8,,b.w 2 & 3
RTC Theater,5/7/2019,2.5,Mid,Limpet,7,,b.w 2 & 3
RTC Theater,5/7/2019,2.5,Mid,Limpet,7,,b.w 2 & 3
RTC Theater,5/7/2019,2.5,Mid,Limpet,4,,b.w 2 & 3
RTC Theater,5/7/2019,2.5,Mid,Limpet,6,,b.w 2 & 3
RTC Theater,5/7/2019,2.5,Mid,Limpet,5,,b.w 2 & 3
RTC Theater,5/7/2019,2.5,Mid,Limpet,7,,b.w 2 & 3
RTC Theater,5/7/2019,2.5,High,Limpet,13,,b.w 2 & 3
RTC Theater,5/7/2019,2.5,High,Limpet,12,,b.w 2 & 3
RTC Theater,5/7/2019,2.5,High,Limpet,15,,b.w 2 & 3
RTC Theater,5/7/2019,2.5,High,Limpet,7,,b.w 2 & 3
RTC Theater,5/7/2019,2.5,High,Limpet,12,,b.w 2 & 3
RTC Theater,5/7/2019,2.5,High,Limpet,11,,b.w 2 & 3
RTC Theater,5/7/2019,2.5,High,Limpet,15,,b.w 2 & 3
RTC Theater,5/7/2019,2.5,High,Limpet,12,,b.w 2 & 3
RTC Theater,5/7/2019,2.5,High,Limpet,13,,b.w 2 & 3
RTC Theater,5/7/2019,2.5,High,Limpet,14,,b.w 2 & 3
RTC Theater,5/7/2019,2.5,Mid,Mytilus,9,,b.w 2 & 3
RTC Theater,5/7/2019,2.5,Mid,Oyster,12,,b.w 2 & 3
RTC Theater,5/7/2019,2.5,Mid,Oyster,8,,b.w 2 & 3
RTC Theater,5/7/2019,4.5,Mid,Limpet,7,,b.w 4 & 5
RTC Theater,5/7/2019,4.5,High,Limpet,16,,b.w 4 & 5
RTC Theater,5/7/2019,4.5,High,Limpet,11,,b.w 4 & 5
RTC Theater,5/7/2019,4.5,High,Limpet,10,,b.w 4 & 5
RTC Theater,5/7/2019,4.5,High,Limpet,14,,b.w 4 & 5
RTC Theater,5/7/2019,4.5,High,Limpet,14,,b.w 4 & 5
RTC Theater,5/7/2019,4.5,High,Limpet,15,,b.w 4 & 5
RTC Theater,5/7/2019,4.5,High,Limpet,15,,b.w 4 & 5
RTC Theater,5/7/2019,4.5,High,Limpet,15,,b.w 4 & 5
RTC Theater,5/7/2019,4.5,High,Limpet,15,,b.w 4 & 5
RTC Theater,5/7/2019,4.5,High,Limpet,15,,b.w 4 & 5
Brickyard Park,5/10/2019,2,Mid,Limpet,3,,
Brickyard Park,5/10/2019,3,Mid,Limpet,5,,
Brickyard Park,5/10/2019,4,Mid,Limpet,6,,
Brickyard Park,5/10/2019,5,Mid,Limpet,7,,
Brickyard Park,5/10/2019,5,Mid,Limpet,6,,
Brickyard Park,5/10/2019,5,Mid,Limpet,6,,
Brickyard Park,5/10/2019,5,Mid,Limpet,9,,
Brickyard Park,5/10/2019,5,Mid,Limpet,9,,
Brickyard Park,5/10/2019,2,Mid,Littorine,2,,
Brickyard Park,5/10/2019,3,Mid,Littorine,4,,
Brickyard Park,5/10/2019,5,Mid,Littorine,2,,
Brickyard Park,5/10/2019,1,Low,Mytilus,50,,
Brickyard Park,5/10/2019,2,Mid,Mytilus,41,,
Brickyard Park,5/10/2019,2,Mid,Mytilus,38,,
Brickyard Park,5/10/2019,3,Low,Mytilus,3,,
Brickyard Park,5/10/2019,4,Mid,Mytilus,7,,
Brickyard Park,5/10/2019,5,Mid,Mytilus,45,,
Brickyard Park,5/10/2019,5,Mid,Mytilus,59,,
Brickyard Park,5/10/2019,5,Mid,Mytilus,49,,
Brickyard Park,5/10/2019,5,Mid,Mytilus,40,,
Brickyard Park,5/10/2019,5,Mid,Mytilus,21,,
Brickyard Park,5/10/2019,5,Mid,Mytilus,19,,
Brickyard Park,5/10/2019,5,Mid,Mytilus,42,,
Brickyard Park,5/10/2019,5,Mid,Mytilus,22,,
Brickyard Park,5/10/2019,5,Mid,Mytilus,23,,
Brickyard Park,5/10/2019,5,Mid,Mytilus,30,,
Brickyard Park,5/10/2019,5,Low,Mytilus,63,,
Brickyard Park,5/10/2019,5,Low,Mytilus,31,,
Brickyard Park,5/10/2019,1,Low,Oyster,21,,
Brickyard Park,5/10/2019,1,Low,Oyster,11,,
Brickyard Park,5/10/2019,1,Low,Oyster,52,,
Brickyard Park,5/10/2019,1,Low,Oyster,51,,
Brickyard Park,5/10/2019,1,Low,Oyster,38,,
Brickyard Park,5/10/2019,1,Low,Oyster,28,,
Brickyard Park,5/10/2019,2,Low,Oyster,46,,
Brickyard Park,5/10/2019,3,Mid,Oyster,5,,
Brickyard Park,5/10/2019,3,Low,Oyster,40,,
Brickyard Park,5/10/2019,3,Low,Oyster,42,,
Brickyard Park,5/10/2019,3,Low,Oyster,22,,
Brickyard Park,5/10/2019,3,Low,Oyster,35,,
Brickyard Park,5/10/2019,3,Low,Oyster,66,,
Brickyard Park,5/10/2019,3,Low,Oyster,33,,
Brickyard Park,5/10/2019,4,Low,Oyster,54,,
Brickyard Park,5/10/2019,4,Low,Oyster,41,,
Brickyard Park,5/10/2019,4,Low,Oyster,28,,
Brickyard Park,5/10/2019,4,Low,Oyster,50,,
Brickyard Park,5/10/2019,4,Low,Oyster,43,,
Brickyard Park,5/10/2019,4,Low,Oyster,36,,
Brickyard Park,5/10/2019,4,Low,Oyster,27,,
Brickyard Park,5/10/2019,4,Low,Oyster,26,,
Brickyard Park,5/10/2019,4,Low,Oyster,24,,
Brickyard Park,5/10/2019,4,Low,Oyster,29,,
Brickyard Park,5/10/2019,5,Mid,Oyster,6,,
Brickyard Park,5/10/2019,5,Low,Oyster,25,,
Brickyard Park,5/10/2019,5,Low,Oyster,22,,
Brickyard Park,5/10/2019,5,Low,Oyster,39,,
Brickyard Park,5/10/2019,5,Low,Oyster,30,,
Brickyard Park,5/10/2019,5,Low,Oyster,38,,
Brickyard Park,5/10/2019,5,Low,Oyster,30,,
Brickyard Park,5/10/2019,5,Low,Oyster,41,,
Brickyard Park,5/10/2019,5,Low,Oyster,40,,
Brickyard Park,5/10/2019,5,Low,Oyster,25,,
Brickyard Park,5/10/2019,5,Low,Oyster,26,,
Dunphy Park,5/8/2019,4,Mid,Limpet,8,,
Dunphy Park,5/8/2019,4,Mid,Limpet,7,,
Dunphy Park,5/8/2019,4,Mid,Limpet,4,,
Dunphy Park,5/8/2019,4,Mid,Limpet,6,,
Dunphy Park,5/8/2019,4,Mid,Limpet,13,,
Dunphy Park,5/8/2019,4,Mid,Limpet,10,,
Dunphy Park,5/8/2019,1,Mid,Mytilus,24,,
Dunphy Park,5/8/2019,1,Mid,Mytilus,24,,
Dunphy Park,5/8/2019,1,Mid,Mytilus,24,,
Dunphy Park,5/8/2019,3,Mid,Mytilus,34,,
Dunphy Park,5/8/2019,3,Mid,Mytilus,15,,
Dunphy Park,5/8/2019,4,Mid,Mytilus,21,,
Dunphy Park,5/8/2019,4,Mid,Mytilus,27,,
Dunphy Park,5/8/2019,4,Mid,Mytilus,37,,
Dunphy Park,5/8/2019,4,Mid,Mytilus,25,,
Dunphy Park,5/8/2019,5,Mid,Mytilus,18,,
Dunphy Park,5/8/2019,1,Mid,Oyster,9,,
Dunphy Park,5/8/2019,1,Mid,Oyster,22,,
Dunphy Park,5/8/2019,1,Mid,Oyster,12,,
Dunphy Park,5/8/2019,1,Low,Oyster,9,,
Dunphy Park,5/8/2019,1,Low,Oyster,18,,
Dunphy Park,5/8/2019,1,Low,Oyster,27,,
Dunphy Park,5/8/2019,1,Low,Oyster,15,,
Dunphy Park,5/8/2019,1,Low,Oyster,4,,
Dunphy Park,5/8/2019,1,Low,Oyster,33,,
Dunphy Park,5/8/2019,1,Low,Oyster,29,,
Dunphy Park,5/8/2019,1,Low,Oyster,21,,
Dunphy Park,5/8/2019,1,Low,Oyster,34,,
Dunphy Park,5/8/2019,2,Low,Oyster,11,,
Dunphy Park,5/8/2019,4,Mid,Oyster,11,,
Dunphy Park,5/8/2019,4,Mid,Oyster,8,,
Dunphy Park,5/8/2019,4,Low,Oyster,33,,
Dunphy Park,5/8/2019,4,Low,Oyster,19,,
Dunphy Park,5/8/2019,5,Mid,Oyster,20,,
Dunphy Park,5/8/2019,5,Low,Oyster,9,,
Dunphy Park,5/8/2019,5,Low,Oyster,34,,
Horseshoe Bay,5/22/2019,4,Low,Chiton,8,,
Horseshoe Bay,5/22/2019,4,Low,Chiton,8,,
Horseshoe Bay,5/22/2019,1,Mid,Limpet,2,,
Horseshoe Bay,5/22/2019,1,Mid,Limpet,2,,
Horseshoe Bay,5/22/2019,1,Mid,Limpet,3,,
Horseshoe Bay,5/22/2019,1,Mid,Limpet,3,,
Horseshoe Bay,5/22/2019,1,Mid,Limpet,2,,
Horseshoe Bay,5/22/2019,1,Mid,Limpet,3,,
Horseshoe Bay,5/22/2019,1,Mid,Limpet,3,,
Horseshoe Bay,5/22/2019,1,Mid,Limpet,1,,
Horseshoe Bay,5/22/2019,1,Mid,Limpet,2,,
Horseshoe Bay,5/22/2019,1,Mid,Limpet,4,,
Horseshoe Bay,5/22/2019,1,Low,Limpet,5,,
Horseshoe Bay,5/22/2019,1,Low,Limpet,7,,
Horseshoe Bay,5/22/2019,1,Low,Limpet,11,,
Horseshoe Bay,5/22/2019,1,Low,Limpet,6,,
Horseshoe Bay,5/22/2019,1,Low,Limpet,6,,
Horseshoe Bay,5/22/2019,1,Low,Limpet,7,,
Horseshoe Bay,5/22/2019,1,Low,Limpet,6,,
Horseshoe Bay,5/22/2019,1,Low,Limpet,9,,
Horseshoe Bay,5/22/2019,1,Low,Limpet,9,,
Horseshoe Bay,5/22/2019,1,Low,Limpet,4,,
Horseshoe Bay,5/22/2019,2,Mid,Limpet,3,,
Horseshoe Bay,5/22/2019,2,Mid,Limpet,10,,
Horseshoe Bay,5/22/2019,2,Mid,Limpet,4,,
Horseshoe Bay,5/22/2019,2,Mid,Limpet,5,,
Horseshoe Bay,5/22/2019,2,Mid,Limpet,3,,
Horseshoe Bay,5/22/2019,2,Mid,Limpet,3,,
Horseshoe Bay,5/22/2019,2,Low,Limpet,5,,
Horseshoe Bay,5/22/2019,2,Low,Limpet,6,,
Horseshoe Bay,5/22/2019,2,Low,Limpet,4,,
Horseshoe Bay,5/22/2019,2,Low,Limpet,7,,
Horseshoe Bay,5/22/2019,2,Low,Limpet,5,,
Horseshoe Bay,5/22/2019,2,Low,Limpet,7,,
Horseshoe Bay,5/22/2019,2,Low,Limpet,8,,
Horseshoe Bay,5/22/2019,2,Low,Limpet,9,,
Horseshoe Bay,5/22/2019,2,Low,Limpet,7,,
Horseshoe Bay,5/22/2019,2,Low,Limpet,7,,
Horseshoe Bay,5/22/2019,3,Mid,Limpet,4,,
Horseshoe Bay,5/22/2019,3,Mid,Limpet,3,,
Horseshoe Bay,5/22/2019,3,Mid,Limpet,2,,
Horseshoe Bay,5/22/2019,3,Mid,Limpet,3,,
Horseshoe Bay,5/22/2019,3,Mid,Limpet,3,,
Horseshoe Bay,5/22/2019,3,Mid,Limpet,4,,
Horseshoe Bay,5/22/2019,3,Low,Limpet,12,,
Horseshoe Bay,5/22/2019,3,Low,Limpet,9,,
Horseshoe Bay,5/22/2019,3,Low,Limpet,4,,
Horseshoe Bay,5/22/2019,3,Low,Limpet,9,,
Horseshoe Bay,5/22/2019,3,Low,Limpet,6,,
Horseshoe Bay,5/22/2019,3,Low,Limpet,1,,
Horseshoe Bay,5/22/2019,3,Low,Limpet,1,,
Horseshoe Bay,5/22/2019,3,Low,Limpet,2,,
Horseshoe Bay,5/22/2019,3,Low,Limpet,3,,
Horseshoe Bay,5/22/2019,3,Low,Limpet,4,,
Horseshoe Bay,5/22/2019,4,Low,Limpet,6,,
Horseshoe Bay,5/22/2019,4,Low,Limpet,6,,
Horseshoe Bay,5/22/2019,4,Low,Limpet,7,,
Horseshoe Bay,5/22/2019,4,Low,Limpet,6,,
Horseshoe Bay,5/22/2019,4,Low,Limpet,5,,
Horseshoe Bay,5/22/2019,4,Low,Limpet,5,,
Horseshoe Bay,5/22/2019,4,Low,Limpet,4,,
Horseshoe Bay,5/22/2019,4,Low,Limpet,7,,
Horseshoe Bay,5/22/2019,4,Low,Limpet,8,,
Horseshoe Bay,5/22/2019,4,Low,Limpet,6,,
Horseshoe Bay,5/22/2019,5,Mid,Limpet,6,,
Horseshoe Bay,5/22/2019,5,Mid,Limpet,9,,
Horseshoe Bay,5/22/2019,5,Mid,Limpet,3,,
Horseshoe Bay,5/22/2019,5,Mid,Limpet,3,,
Horseshoe Bay,5/22/2019,5,Mid,Limpet,2,,
Horseshoe Bay,5/22/2019,5,Mid,Limpet,4,,
Horseshoe Bay,5/22/2019,5,Mid,Limpet,3,,
Horseshoe Bay,5/22/2019,5,Low,Limpet,3,,
Horseshoe Bay,5/22/2019,5,Low,Limpet,1,,
Horseshoe Bay,5/22/2019,5,Low,Limpet,6,,
Horseshoe Bay,5/22/2019,5,Low,Limpet,5,,
Horseshoe Bay,5/22/2019,5,Low,Limpet,9,,
Horseshoe Bay,5/22/2019,5,Low,Limpet,5,,
Horseshoe Bay,5/22/2019,5,Low,Limpet,4,,
Horseshoe Bay,5/22/2019,5,Low,Limpet,11,,
Horseshoe Bay,5/22/2019,5,Low,Limpet,6,,
Horseshoe Bay,5/22/2019,5,Low,Limpet,6,,
Horseshoe Bay,5/22/2019,2,Mid,Littorine,3,,
Horseshoe Bay,5/22/2019,2,Mid,Littorine,5,,
Horseshoe Bay,5/22/2019,4,Mid,Littorine,2,,
Horseshoe Bay,5/22/2019,4,Mid,Littorine,3,,
Horseshoe Bay,5/22/2019,4,Mid,Littorine,3,,
Horseshoe Bay,5/22/2019,4,Mid,Littorine,3,,
Horseshoe Bay,5/22/2019,5,Mid,Littorine,2,,
Horseshoe Bay,5/22/2019,1,Mid,Mytilus,3,,
Horseshoe Bay,5/22/2019,1,Mid,Mytilus,10,,
Horseshoe Bay,5/22/2019,1,Mid,Mytilus,15,,
Horseshoe Bay,5/22/2019,2,Mid,Mytilus,32,,
Horseshoe Bay,5/22/2019,2,Mid,Mytilus,34,,
Horseshoe Bay,5/22/2019,2,Low,Mytilus,6,,
Horseshoe Bay,5/22/2019,2,Low,Mytilus,8,,
Horseshoe Bay,5/22/2019,2,Low,Mytilus,7,,
Horseshoe Bay,5/22/2019,3,Low,Mytilus,25,,
Horseshoe Bay,5/22/2019,3,Low,Mytilus,10,,
Horseshoe Bay,5/22/2019,3,Low,Mytilus,2,,
Horseshoe Bay,5/22/2019,3,Low,Mytilus,1,,
Horseshoe Bay,5/22/2019,3,Low,Mytilus,1,,
Horseshoe Bay,5/22/2019,3,Low,Mytilus,2,,
Horseshoe Bay,5/22/2019,3,Low,Mytilus,1,,
Horseshoe Bay,5/22/2019,3,Low,Mytilus,2,,
Horseshoe Bay,5/22/2019,3,Low,Mytilus,3,,
Horseshoe Bay,5/22/2019,3,Low,Mytilus,2,,
Horseshoe Bay,5/22/2019,4,Low,Mytilus,6,,
Horseshoe Bay,5/22/2019,4,Low,Mytilus,3,,
Horseshoe Bay,5/22/2019,4,Low,Mytilus,5,,
Horseshoe Bay,5/22/2019,4,Low,Mytilus,3,,
Horseshoe Bay,5/22/2019,4,Low,Mytilus,5,,
Horseshoe Bay,5/22/2019,5,Low,Mytilus,12,,
Horseshoe Bay,5/22/2019,1,Mid,PagH,6,,
Horseshoe Bay,5/22/2019,4,Mid,PagH,11,Tegula shell,
Horseshoe Bay,5/22/2019,1,Mid,Tegula,22,,
Keller Beach,7/3/2019,1,Low,Chiton,1,,
Keller Beach,7/3/2019,3,Low,Claw,25,,
Keller Beach,7/3/2019,3,Low,Claw,21,what does claw mean?,
Keller Beach,7/3/2019,3,Low,Claw,16,what does claw mean?,
Keller Beach,7/3/2019,5,Low,Claw,9,what does claw mean?,
Keller Beach,7/3/2019,5,Low,Claw,11,what does claw mean?,
Keller Beach,7/3/2019,5,Low,Claw,12,what does claw mean?,
Keller Beach,7/3/2019,5,Low,Claw,16,what does claw mean?,
Keller Beach,7/3/2019,5,Low,Claw,14,what does claw mean?,
Keller Beach,7/3/2019,1,Mid,Limpet,12,,
Keller Beach,7/3/2019,1,Mid,Limpet,9,,
Keller Beach,7/3/2019,1,Mid,Limpet,10,,
Keller Beach,7/3/2019,1,Mid,Limpet,9,,
Keller Beach,7/3/2019,1,Mid,Limpet,15,,
Keller Beach,7/3/2019,1,Mid,Limpet,11,,
Keller Beach,7/3/2019,1,Mid,Limpet,12,,
Keller Beach,7/3/2019,1,Mid,Limpet,8,,
Keller Beach,7/3/2019,1,Mid,Limpet,16,,
Keller Beach,7/3/2019,1,Mid,Limpet,7,,
Keller Beach,7/3/2019,1,Low,Limpet,8,,
Keller Beach,7/3/2019,2,Mid,Limpet,14,,
Keller Beach,7/3/2019,2,Mid,Limpet,12,,
Keller Beach,7/3/2019,2,Mid,Limpet,11,,
Keller Beach,7/3/2019,2,Mid,Limpet,12,,
Keller Beach,7/3/2019,2,Mid,Limpet,8,,
Keller Beach,7/3/2019,2,Mid,Limpet,9,,
Keller Beach,7/3/2019,2,Mid,Limpet,13,,
Keller Beach,7/3/2019,2,Mid,Limpet,13,,
Keller Beach,7/3/2019,2,Mid,Limpet,15,,
Keller Beach,7/3/2019,2,Mid,Limpet,17,,
Keller Beach,7/3/2019,3,Mid,Limpet,7,,
Keller Beach,7/3/2019,3,Mid,Limpet,6,,
Keller Beach,7/3/2019,3,Mid,Limpet,8,,
Keller Beach,7/3/2019,3,Mid,Limpet,9,,
Keller Beach,7/3/2019,3,Mid,Limpet,7,,
Keller Beach,7/3/2019,3,Mid,Limpet,15,,
Keller Beach,7/3/2019,3,Mid,Limpet,8,,
Keller Beach,7/3/2019,3,Mid,Limpet,7,,
Keller Beach,7/3/2019,3,Mid,Limpet,13,,
Keller Beach,7/3/2019,3,Mid,Limpet,8,,
Keller Beach,7/3/2019,3,Low,Limpet,9,,
Keller Beach,7/3/2019,5,Mid,Limpet,9,,
Keller Beach,7/3/2019,5,Mid,Limpet,5,,
Keller Beach,7/3/2019,5,Mid,Limpet,6,,
Keller Beach,7/3/2019,5,Mid,Limpet,7,,
Keller Beach,7/3/2019,5,Mid,Limpet,5,,
Keller Beach,7/3/2019,5,Mid,Limpet,8,,
Keller Beach,7/3/2019,5,Mid,Limpet,6,,
Keller Beach,7/3/2019,5,Mid,Limpet,10,,
Keller Beach,7/3/2019,5,Mid,Limpet,8,,
Keller Beach,7/3/2019,5,Mid,Limpet,6,,
Keller Beach,7/3/2019,5,Low,Limpet,10,,
Keller Beach,7/3/2019,3,Mid,Littorine,4,,
Keller Beach,7/3/2019,3,Mid,Littorine,6,,
Keller Beach,7/3/2019,3,Mid,Littorine,4,,
Keller Beach,7/3/2019,3,Mid,Littorine,2,,
Keller Beach,7/3/2019,3,Mid,Littorine,3,,
Keller Beach,7/3/2019,3,Mid,Littorine,6,,
Keller Beach,7/3/2019,3,Mid,Littorine,9,,
Keller Beach,7/3/2019,3,Mid,Littorine,8,,
Keller Beach,7/3/2019,5,Mid,Littorine,4,,
Keller Beach,7/3/2019,5,Mid,Littorine,4,,
Keller Beach,7/3/2019,5,Mid,Littorine,2,,
Keller Beach,7/3/2019,5,Mid,Littorine,2,,
Keller Beach,7/3/2019,5,Low,chiton_mossy,33,,
Keller Beach,7/3/2019,5,Mid,Musc,7,,
Keller Beach,7/3/2019,5,Low,MYA,20,,
Keller Beach,7/3/2019,5,Low,MYA,16,,
Keller Beach,7/3/2019,1,Mid,Mytilus,12,,
Keller Beach,7/3/2019,1,Mid,Mytilus,12,,
Keller Beach,7/3/2019,1,Mid,Mytilus,12,,
Keller Beach,7/3/2019,1,Mid,Mytilus,14,,
Keller Beach,7/3/2019,1,Mid,Mytilus,10,,
Keller Beach,7/3/2019,1,Mid,Mytilus,8,,
Keller Beach,7/3/2019,1,Mid,Mytilus,8,,
Keller Beach,7/3/2019,1,Mid,Mytilus,10,,
Keller Beach,7/3/2019,1,Mid,Mytilus,6,,
Keller Beach,7/3/2019,1,Mid,Mytilus,12,,
Keller Beach,7/3/2019,1,Low,Mytilus,12,,
Keller Beach,7/3/2019,1,Low,Mytilus,19,,
Keller Beach,7/3/2019,1,Low,Mytilus,8,,
Keller Beach,7/3/2019,1,Low,Mytilus,11,,
Keller Beach,7/3/2019,1,Low,Mytilus,13,,
Keller Beach,7/3/2019,1,Low,Mytilus,14,,
Keller Beach,7/3/2019,1,Low,Mytilus,21,,
Keller Beach,7/3/2019,1,Low,Mytilus,10,,
Keller Beach,7/3/2019,1,Low,Mytilus,12,,
Keller Beach,7/3/2019,1,Low,Mytilus,9,,
Keller Beach,7/3/2019,2,Mid,Mytilus,31,,
Keller Beach,7/3/2019,2,Mid,Mytilus,13,,
Keller Beach,7/3/2019,2,Mid,Mytilus,24,,
Keller Beach,7/3/2019,2,Mid,Mytilus,16,,
Keller Beach,7/3/2019,2,Mid,Mytilus,11,,
Keller Beach,7/3/2019,2,Mid,Mytilus,11,,
Keller Beach,7/3/2019,2,Mid,Mytilus,13,,
Keller Beach,7/3/2019,2,Mid,Mytilus,16,,
Keller Beach,7/3/2019,2,Mid,Mytilus,11,,
Keller Beach,7/3/2019,2,Mid,Mytilus,17,,
Keller Beach,7/3/2019,2,Low,Mytilus,19,,
Keller Beach,7/3/2019,2,Low,Mytilus,11,,
Keller Beach,7/3/2019,2,Low,Mytilus,13,,
Keller Beach,7/3/2019,2,Low,Mytilus,13,,
Keller Beach,7/3/2019,2,Low,Mytilus,17,,
Keller Beach,7/3/2019,2,Low,Mytilus,15,,
Keller Beach,7/3/2019,2,Low,Mytilus,14,,
Keller Beach,7/3/2019,2,Low,Mytilus,14,,
Keller Beach,7/3/2019,2,Low,Mytilus,52,,
Keller Beach,7/3/2019,2,Low,Mytilus,20,,
Keller Beach,7/3/2019,3,Mid,Mytilus,12.2,,
Keller Beach,7/3/2019,3,Mid,Mytilus,7,,
Keller Beach,7/3/2019,3,Mid,Mytilus,6,,
Keller Beach,7/3/2019,3,Mid,Mytilus,8,,
Keller Beach,7/3/2019,3,Mid,Mytilus,10,,
Keller Beach,7/3/2019,3,Mid,Mytilus,12,,
Keller Beach,7/3/2019,3,Mid,Mytilus,7,,
Keller Beach,7/3/2019,3,Mid,Mytilus,9,,
Keller Beach,7/3/2019,3,Mid,Mytilus,8,,
Keller Beach,7/3/2019,3,Mid,Mytilus,9,,
Keller Beach,7/3/2019,3,Low,Mytilus,15,,
Keller Beach,7/3/2019,3,Low,Mytilus,10,,
Keller Beach,7/3/2019,3,Low,Mytilus,14,,
Keller Beach,7/3/2019,3,Low,Mytilus,11,,
Keller Beach,7/3/2019,3,Low,Mytilus,11,,
Keller Beach,7/3/2019,3,Low,Mytilus,15,,
Keller Beach,7/3/2019,3,Low,Mytilus,15,,
Keller Beach,7/3/2019,3,Low,Mytilus,22,,
Keller Beach,7/3/2019,3,Low,Mytilus,9,,
Keller Beach,7/3/2019,3,Low,Mytilus,16,,
Keller Beach,7/3/2019,4,Mid,Mytilus,15,,
Keller Beach,7/3/2019,4,Mid,Mytilus,13,,
Keller Beach,7/3/2019,4,Mid,Mytilus,15,,
Keller Beach,7/3/2019,4,Mid,Mytilus,10,,
Keller Beach,7/3/2019,4,Mid,Mytilus,7,,
Keller Beach,7/3/2019,4,Mid,Mytilus,21,,
Keller Beach,7/3/2019,4,Mid,Mytilus,15,,
Keller Beach,7/3/2019,4,Mid,Mytilus,8,,
Keller Beach,7/3/2019,4,Mid,Mytilus,13,,
Keller Beach,7/3/2019,4,Mid,Mytilus,10,,
Keller Beach,7/3/2019,4,Low,Mytilus,19,,
Keller Beach,7/3/2019,4,Low,Mytilus,14,,
Keller Beach,7/3/2019,4,Low,Mytilus,14,,
Keller Beach,7/3/2019,4,Low,Mytilus,20,,
Keller Beach,7/3/2019,4,Low,Mytilus,17,,
Keller Beach,7/3/2019,4,Low,Mytilus,18,,
Keller Beach,7/3/2019,4,Low,Mytilus,16,,
Keller Beach,7/3/2019,4,Low,Mytilus,23,,
Keller Beach,7/3/2019,4,Low,Mytilus,16,,
Keller Beach,7/3/2019,4,Low,Mytilus,7,,
Keller Beach,7/3/2019,4,Low,Mytilus,19,,
Keller Beach,7/3/2019,4,Low,Mytilus,14,,
Keller Beach,7/3/2019,4,Low,Mytilus,14,,
Keller Beach,7/3/2019,4,Low,Mytilus,20,,
Keller Beach,7/3/2019,4,Low,Mytilus,17,,
Keller Beach,7/3/2019,4,Low,Mytilus,18,,
Keller Beach,7/3/2019,4,Low,Mytilus,16,,
Keller Beach,7/3/2019,4,Low,Mytilus,23,,
Keller Beach,7/3/2019,4,Low,Mytilus,16,,
Keller Beach,7/3/2019,4,Low,Mytilus,7,,
Keller Beach,7/3/2019,5,Mid,Mytilus,27,,
Keller Beach,7/3/2019,5,Mid,Mytilus,10,,
Keller Beach,7/3/2019,5,Mid,Mytilus,12,,
Keller Beach,7/3/2019,5,Mid,Mytilus,16,,
Keller Beach,7/3/2019,5,Mid,Mytilus,15,,
Keller Beach,7/3/2019,5,Mid,Mytilus,17,,
Keller Beach,7/3/2019,5,Mid,Mytilus,13,,
Keller Beach,7/3/2019,5,Mid,Mytilus,8,,
Keller Beach,7/3/2019,5,Mid,Mytilus,6,,
Keller Beach,7/3/2019,5,Mid,Mytilus,6,,
Keller Beach,7/3/2019,5,Low,Mytilus,34,,
Keller Beach,7/3/2019,5,Low,Mytilus,45,,
Keller Beach,7/3/2019,5,Low,Mytilus,30,,
Keller Beach,7/3/2019,5,Low,Mytilus,17,,
Keller Beach,7/3/2019,5,Low,Mytilus,23,,
Keller Beach,7/3/2019,5,Low,Mytilus,6,,
Keller Beach,7/3/2019,5,Low,Mytilus,20,,
Keller Beach,7/3/2019,5,Low,Mytilus,18,,
Keller Beach,7/3/2019,5,Low,Mytilus,16,,
Keller Beach,7/3/2019,5,Low,Mytilus,19,,
Keller Beach,7/3/2019,1,Mid,Oyster,14,,
Keller Beach,7/3/2019,1,Mid,Oyster,19,,
Keller Beach,7/3/2019,1,Mid,Oyster,21,,
Keller Beach,7/3/2019,1,Mid,Oyster,16,,
Keller Beach,7/3/2019,1,Mid,Oyster,30,,
Keller Beach,7/3/2019,1,Mid,Oyster,12,,
Keller Beach,7/3/2019,1,Mid,Oyster,17,,
Keller Beach,7/3/2019,1,Mid,Oyster,21,,
Keller Beach,7/3/2019,1,Mid,Oyster,13,,
Keller Beach,7/3/2019,1,Mid,Oyster,10,,
Keller Beach,7/3/2019,1,Low,Oyster,48,,
Keller Beach,7/3/2019,1,Low,Oyster,37,,
Keller Beach,7/3/2019,1,Low,Oyster,51,,
Keller Beach,7/3/2019,1,Low,Oyster,30,,
Keller Beach,7/3/2019,1,Low,Oyster,46,,
Keller Beach,7/3/2019,1,Low,Oyster,39,,
Keller Beach,7/3/2019,2,Low,Oyster,30,,
Keller Beach,7/3/2019,2,Low,Oyster,12,,
Keller Beach,7/3/2019,2,Low,Oyster,42,,
Keller Beach,7/3/2019,2,Low,Oyster,34,,
Keller Beach,7/3/2019,2,Low,Oyster,44,,
Keller Beach,7/3/2019,2,Low,Oyster,34,,
Keller Beach,7/3/2019,2,Low,Oyster,44,,
Keller Beach,7/3/2019,2,Low,Oyster,32,,
Keller Beach,7/3/2019,2,Low,Oyster,41,,
Keller Beach,7/3/2019,2,Low,Oyster,56,,
Keller Beach,7/3/2019,3,Low,Oyster,25,,
Keller Beach,7/3/2019,3,Low,Oyster,21,,
Keller Beach,7/3/2019,3,Low,Oyster,16,,
Keller Beach,7/3/2019,4,Mid,Oyster,12,,
Keller Beach,7/3/2019,4,Low,Oyster,50,,
Keller Beach,7/3/2019,4,Low,Oyster,30,,
Keller Beach,7/3/2019,4,Low,Oyster,16,,
Keller Beach,7/3/2019,4,Low,Oyster,46,,
Keller Beach,7/3/2019,4,Low,Oyster,18,,
Keller Beach,7/3/2019,4,Low,Oyster,50,,
Keller Beach,7/3/2019,4,Low,Oyster,30,,
Keller Beach,7/3/2019,4,Low,Oyster,16,,
Keller Beach,7/3/2019,4,Low,Oyster,46,,
Keller Beach,7/3/2019,4,Low,Oyster,18,,
Keller Beach,7/3/2019,5,Low,Oyster,22,,
Keller Beach,7/3/2019,5,Low,Oyster,42,,
Keller Beach,7/3/2019,5,Low,Oyster,29,,
Keller Beach,7/3/2019,5,Low,Oyster,15,,
Keller Beach,7/3/2019,5,Low,Oyster,34,,
Miller Knox,7/4/2019,4,Low,Chiton,25,,
Miller Knox,7/4/2019,2,Low,Clam,13,,
Miller Knox,7/4/2019,2,Low,Clam,11,,
Miller Knox,7/4/2019,2,Low,Clam,36,,
Miller Knox,7/4/2019,5,Mid,Clam,18,,
Miller Knox,7/4/2019,1,Low,Claw,30,what does claw mean?,
Miller Knox,7/4/2019,1,Low,Limpet,9,,
Miller Knox,7/4/2019,1,Low,Limpet,10,,
Miller Knox,7/4/2019,2,Mid,Limpet,14,,
Miller Knox,7/4/2019,3,Mid,Limpet,17,,
Miller Knox,7/4/2019,3,Mid,Limpet,9,,
Miller Knox,7/4/2019,3,Low,Limpet,10,,
Miller Knox,7/4/2019,5,Mid,Limpet,8,,
Miller Knox,7/4/2019,5,Mid,Limpet,16,,
Miller Knox,7/4/2019,5,Mid,Limpet,14,,
Miller Knox,7/4/2019,5,Mid,Limpet,8,,
Miller Knox,7/4/2019,2,Mid,chiton_mossy,35,,
Miller Knox,7/4/2019,5,Low,Musc,7,,
Miller Knox,7/4/2019,5,Low,Musc,12,,
Miller Knox,7/4/2019,1,Mid,Mytilus,48,,
Miller Knox,7/4/2019,1,Mid,Mytilus,20,,
Miller Knox,7/4/2019,1,Mid,Mytilus,8,,
Miller Knox,7/4/2019,1,Mid,Mytilus,34,,
Miller Knox,7/4/2019,1,Mid,Mytilus,43,,
Miller Knox,7/4/2019,1,Mid,Mytilus,35,,
Miller Knox,7/4/2019,1,Mid,Mytilus,56,,
Miller Knox,7/4/2019,1,Mid,Mytilus,24,,
Miller Knox,7/4/2019,1,Mid,Mytilus,20,,
Miller Knox,7/4/2019,1,Mid,Mytilus,26,,
Miller Knox,7/4/2019,1,Low,Mytilus,18,,
Miller Knox,7/4/2019,1,Low,Mytilus,7,,
Miller Knox,7/4/2019,1,Low,Mytilus,22,,
Miller Knox,7/4/2019,1,Low,Mytilus,17,,
Miller Knox,7/4/2019,1,Low,Mytilus,11,,
Miller Knox,7/4/2019,1,Low,Mytilus,11,,
Miller Knox,7/4/2019,1,Low,Mytilus,22,,
Miller Knox,7/4/2019,1,Low,Mytilus,9,,
Miller Knox,7/4/2019,1,Low,Mytilus,23,,
Miller Knox,7/4/2019,1,Low,Mytilus,17,,
Miller Knox,7/4/2019,1,Low,Mytilus,12,,
Miller Knox,7/4/2019,2,Mid,Mytilus,22,,
Miller Knox,7/4/2019,2,Mid,Mytilus,19,,
Miller Knox,7/4/2019,2,Mid,Mytilus,14,,
Miller Knox,7/4/2019,2,Mid,Mytilus,30,,
Miller Knox,7/4/2019,2,Mid,Mytilus,9,,
Miller Knox,7/4/2019,2,Mid,Mytilus,8,,
Miller Knox,7/4/2019,2,Mid,Mytilus,32,,
Miller Knox,7/4/2019,2,Mid,Mytilus,15,,
Miller Knox,7/4/2019,2,Mid,Mytilus,17,,
Miller Knox,7/4/2019,2,Mid,Mytilus,10,,
Miller Knox,7/4/2019,2,Low,Mytilus,28,,
Miller Knox,7/4/2019,2,Low,Mytilus,15,,
Miller Knox,7/4/2019,2,Low,Mytilus,47,,
Miller Knox,7/4/2019,2,Low,Mytilus,45,,
Miller Knox,7/4/2019,2,Low,Mytilus,36,,
Miller Knox,7/4/2019,2,Low,Mytilus,28,,
Miller Knox,7/4/2019,2,Low,Mytilus,11,,
Miller Knox,7/4/2019,2,Low,Mytilus,6,,
Miller Knox,7/4/2019,2,Low,Mytilus,13,,
Miller Knox,7/4/2019,2,Low,Mytilus,17,,
Miller Knox,7/4/2019,3,Mid,Mytilus,10,,
Miller Knox,7/4/2019,3,Mid,Mytilus,9,,
Miller Knox,7/4/2019,3,Mid,Mytilus,14,,
Miller Knox,7/4/2019,3,Mid,Mytilus,16,,
Miller Knox,7/4/2019,3,Mid,Mytilus,12,,
Miller Knox,7/4/2019,3,Mid,Mytilus,13,,
Miller Knox,7/4/2019,3,Mid,Mytilus,11,,
Miller Knox,7/4/2019,3,Mid,Mytilus,6,,
Miller Knox,7/4/2019,3,Mid,Mytilus,11,,
Miller Knox,7/4/2019,3,Mid,Mytilus,10,,
Miller Knox,7/4/2019,3,Low,Mytilus,44,,
Miller Knox,7/4/2019,3,Low,Mytilus,21,,
Miller Knox,7/4/2019,3,Low,Mytilus,13,,
Miller Knox,7/4/2019,3,Low,Mytilus,11,,
Miller Knox,7/4/2019,3,Low,Mytilus,8,,
Miller Knox,7/4/2019,3,Low,Mytilus,10,,
Miller Knox,7/4/2019,3,Low,Mytilus,7,,
Miller Knox,7/4/2019,3,Low,Mytilus,11,,
Miller Knox,7/4/2019,3,Low,Mytilus,42,,
Miller Knox,7/4/2019,4,Mid,Mytilus,8,,
Miller Knox,7/4/2019,4,Mid,Mytilus,10,,
Miller Knox,7/4/2019,4,Mid,Mytilus,13,,
Miller Knox,7/4/2019,4,Mid,Mytilus,15,,
Miller Knox,7/4/2019,4,Mid,Mytilus,13,,
Miller Knox,7/4/2019,4,Mid,Mytilus,4,,
Miller Knox,7/4/2019,4,Mid,Mytilus,5,,
Miller Knox,7/4/2019,4,Mid,Mytilus,6,,
Miller Knox,7/4/2019,4,Mid,Mytilus,11,,
Miller Knox,7/4/2019,4,Mid,Mytilus,9,,
Miller Knox,7/4/2019,4,Low,Mytilus,19,,
Miller Knox,7/4/2019,4,Low,Mytilus,11,,
Miller Knox,7/4/2019,4,Low,Mytilus,63,,
Miller Knox,7/4/2019,4,Low,Mytilus,20,,
Miller Knox,7/4/2019,4,Low,Mytilus,8,,
Miller Knox,7/4/2019,4,Low,Mytilus,7,,
Miller Knox,7/4/2019,4,Low,Mytilus,9,,
Miller Knox,7/4/2019,4,Low,Mytilus,10,,
Miller Knox,7/4/2019,4,Low,Mytilus,15,,
Miller Knox,7/4/2019,4,Low,Mytilus,16,,
Miller Knox,7/4/2019,5,Mid,Mytilus,46,,
Miller Knox,7/4/2019,5,Mid,Mytilus,27,,
Miller Knox,7/4/2019,5,Mid,Mytilus,36,,
Miller Knox,7/4/2019,5,Mid,Mytilus,35,,
Miller Knox,7/4/2019,5,Mid,Mytilus,34,,
Miller Knox,7/4/2019,5,Mid,Mytilus,28,,
Miller Knox,7/4/2019,5,Mid,Mytilus,12,,
Miller Knox,7/4/2019,5,Mid,Mytilus,16,,
Miller Knox,7/4/2019,5,Mid,Mytilus,28,,
Miller Knox,7/4/2019,5,Mid,Mytilus,16,,
Miller Knox,7/4/2019,5,Low,Mytilus,22,,
Miller Knox,7/4/2019,5,Low,Mytilus,16,,
Miller Knox,7/4/2019,5,Low,Mytilus,17,,
Miller Knox,7/4/2019,5,Low,Mytilus,8,,
Miller Knox,7/4/2019,5,Low,Mytilus,11,,
Miller Knox,7/4/2019,5,Low,Mytilus,7,,
Miller Knox,7/4/2019,5,Low,Mytilus,10,,
Miller Knox,7/4/2019,5,Low,Mytilus,9,,
Miller Knox,7/4/2019,5,Low,Mytilus,13,,
Miller Knox,7/4/2019,5,Low,Mytilus,23,,
Miller Knox,7/4/2019,1,Mid,Oyster,28,,
Miller Knox,7/4/2019,1,Mid,Oyster,39,,
Miller Knox,7/4/2019,1,Mid,Oyster,26,,
Miller Knox,7/4/2019,1,Low,Oyster,32,,
Miller Knox,7/4/2019,1,Low,Oyster,33,,
Miller Knox,7/4/2019,1,Low,Oyster,42,,
Miller Knox,7/4/2019,1,Low,Oyster,38,,
Miller Knox,7/4/2019,1,Low,Oyster,59,,
Miller Knox,7/4/2019,1,Low,Oyster,39,,
Miller Knox,7/4/2019,1,Low,Oyster,42,,
Miller Knox,7/4/2019,1,Low,Oyster,38,,
Miller Knox,7/4/2019,1,Low,Oyster,37,,
Miller Knox,7/4/2019,1,Low,Oyster,28,,
Miller Knox,7/4/2019,2,Mid,Oyster,32,,
Miller Knox,7/4/2019,2,Mid,Oyster,39,,
Miller Knox,7/4/2019,2,Mid,Oyster,37,,
Miller Knox,7/4/2019,2,Mid,Oyster,42,,
Miller Knox,7/4/2019,2,Mid,Oyster,35,,
Miller Knox,7/4/2019,2,Low,Oyster,16,,
Miller Knox,7/4/2019,2,Low,Oyster,20,,
Miller Knox,7/4/2019,2,Low,Oyster,38,,
Miller Knox,7/4/2019,2,Low,Oyster,27,,
Miller Knox,7/4/2019,2,Low,Oyster,24,,
Miller Knox,7/4/2019,2,Low,Oyster,44,,
Miller Knox,7/4/2019,2,Low,Oyster,39,,
Miller Knox,7/4/2019,2,Low,Oyster,19,,
Miller Knox,7/4/2019,2,Low,Oyster,32,,
Miller Knox,7/4/2019,2,Low,Oyster,47,,
Miller Knox,7/4/2019,3,Low,Oyster,52,,
Miller Knox,7/4/2019,3,Low,Oyster,31,,
Miller Knox,7/4/2019,3,Low,Oyster,38,,
Miller Knox,7/4/2019,3,Low,Oyster,35,,
Miller Knox,7/4/2019,3,Low,Oyster,28,,
Miller Knox,7/4/2019,3,Low,Oyster,35,,
Miller Knox,7/4/2019,3,Low,Oyster,39,,
Miller Knox,7/4/2019,3,Low,Oyster,28,,
Miller Knox,7/4/2019,3,Low,Oyster,37,,
Miller Knox,7/4/2019,3,Low,Oyster,26,,
Miller Knox,7/4/2019,4,Mid,Oyster,22,,
Miller Knox,7/4/2019,4,Mid,Oyster,33,,
Miller Knox,7/4/2019,4,Low,Oyster,32,,
Miller Knox,7/4/2019,4,Low,Oyster,36,,
Miller Knox,7/4/2019,4,Low,Oyster,35,,
Miller Knox,7/4/2019,4,Low,Oyster,35,,
Miller Knox,7/4/2019,5,Mid,Oyster,21,,
Miller Knox,7/4/2019,5,Mid,Oyster,19,,
Miller Knox,7/4/2019,5,Mid,Oyster,32,,
Miller Knox,7/4/2019,5,Mid,Oyster,42,,
Miller Knox,7/4/2019,5,Mid,Oyster,25,,
Miller Knox,7/4/2019,5,Mid,Oyster,32,,
Miller Knox,7/4/2019,5,Mid,Oyster,35,,
Miller Knox,7/4/2019,5,Mid,Oyster,22,,
Miller Knox,7/4/2019,5,Low,Oyster,44,,
Miller Knox,7/4/2019,5,Low,Oyster,43,,
Miller Knox,7/4/2019,5,Low,Oyster,47,,
Miller Knox,7/4/2019,5,Low,Oyster,38,,
Miller Knox,7/4/2019,5,Low,Oyster,63,,
Miller Knox,7/4/2019,5,Low,Oyster,42,,
Miller Knox,7/4/2019,5,Low,Oyster,62,,
Miller Knox,7/4/2019,5,Low,Oyster,49,,
Miller Knox,7/4/2019,5,Low,Oyster,42,,
Miller Knox,7/4/2019,5,Low,Oyster,38,,
Paradise Beach Park,7/2/2019,3,Mid,Limpet,6,,
Paradise Beach Park,7/2/2019,3,Mid,Limpet,9,,
Paradise Beach Park,7/2/2019,3,Mid,Limpet,9,,
Paradise Beach Park,7/2/2019,3,Mid,Limpet,6,,
Paradise Beach Park,7/2/2019,4,Mid,Limpet,9,,
Paradise Beach Park,7/2/2019,1,Mid,Mytilus,15,,
Paradise Beach Park,7/2/2019,1,Mid,Mytilus,12,,
Paradise Beach Park,7/2/2019,1,Mid,Mytilus,10,,
Paradise Beach Park,7/2/2019,1,Mid,Mytilus,9,,
Paradise Beach Park,7/2/2019,1,Mid,Mytilus,12,,
Paradise Beach Park,7/2/2019,1,Mid,Mytilus,7,,
Paradise Beach Park,7/2/2019,1,Mid,Mytilus,10,,
Paradise Beach Park,7/2/2019,1,Mid,Mytilus,6,,
Paradise Beach Park,7/2/2019,1,Mid,Mytilus,13,,
Paradise Beach Park,7/2/2019,1,Mid,Mytilus,9,,
Paradise Beach Park,7/2/2019,3,Mid,Mytilus,9,,
Paradise Beach Park,7/2/2019,3,Mid,Mytilus,16,,
Paradise Beach Park,7/2/2019,3,Mid,Mytilus,12,,
Paradise Beach Park,7/2/2019,3,Mid,Mytilus,12,,
Paradise Beach Park,7/2/2019,3,Mid,Mytilus,10,,
Paradise Beach Park,7/2/2019,3,Mid,Mytilus,10,,
Paradise Beach Park,7/2/2019,3,Mid,Mytilus,10,,
Paradise Beach Park,7/2/2019,3,Mid,Mytilus,11,,
Paradise Beach Park,7/2/2019,4,Mid,Mytilus,10,,
Paradise Beach Park,7/2/2019,4,Mid,Mytilus,10,,
Paradise Beach Park,7/2/2019,4,Mid,Mytilus,11,,
Paradise Beach Park,7/2/2019,4,Mid,Mytilus,13,,
Paradise Beach Park,7/2/2019,4,Mid,Mytilus,16,,
Paradise Beach Park,7/2/2019,4,Mid,Mytilus,14,,
Paradise Beach Park,7/2/2019,4,Mid,Mytilus,6,,
Paradise Beach Park,7/2/2019,4,Mid,Mytilus,8,,
Paradise Beach Park,7/2/2019,4,Mid,Mytilus,7,,
Paradise Beach Park,7/2/2019,4,Mid,Mytilus,9,,
Paradise Beach Park,7/2/2019,5,Mid,Mytilus,16,,
Paradise Beach Park,7/2/2019,5,Mid,Mytilus,7,,
Paradise Beach Park,7/2/2019,5,Mid,Mytilus,8,,
Paradise Beach Park,7/2/2019,5,Mid,Mytilus,11,,
Paradise Beach Park,7/2/2019,5,Mid,Mytilus,16,,
Paradise Beach Park,7/2/2019,5,Mid,Mytilus,16,,
Paradise Beach Park,7/2/2019,5,Mid,Mytilus,11,,
Paradise Beach Park,7/2/2019,3,Mid,Oyster,16,,
Paradise Beach Park,7/2/2019,3,Mid,Oyster,13,,
Paradise Beach Park,7/2/2019,4,Mid,Oyster,21,,
Paradise Beach Park,7/2/2019,4,Mid,Oyster,24,,
Paradise Beach Park,7/2/2019,4,Mid,Oyster,17,,
Paradise Beach Park,7/2/2019,5,Mid,Oyster,20,,
Paradise Cay,5/20/2019,4,Low,Cockle,9,,
Paradise Cay,5/20/2019,4,Low,Cockle,6,,
Paradise Cay,5/20/2019,4,Low,Cockle,11,,
Paradise Cay,5/20/2019,4,Low,Cockle,4,,
Paradise Cay,5/20/2019,4,Low,Cockle,9,,
Paradise Cay,5/20/2019,3,Low,Mytilus,7,,
Paradise Cay,5/20/2019,4,Low,Mytilus,11,,
Paradise Cay,5/20/2019,5,Low,Mytilus,60,,
Paradise Cay,5/20/2019,5,Low,Mytilus,5,,
Paradise Cay,5/20/2019,1,Low,Oyster,6,,
Paradise Cay,5/20/2019,1,Low,Oyster,6,,
Paradise Cay,5/20/2019,1,Low,Oyster,5,,
Paradise Cay,5/20/2019,1,Low,Oyster,32,,
Paradise Cay,5/20/2019,1,Low,Oyster,22,,
Paradise Cay,5/20/2019,1,Low,Oyster,24,,
Paradise Cay,5/20/2019,1,Low,Oyster,9,,
Paradise Cay,5/20/2019,1,Low,Oyster,11,,
Paradise Cay,5/20/2019,1,Low,Oyster,7,,
Paradise Cay,5/20/2019,1,Low,Oyster,15,,
Paradise Cay,5/20/2019,2,Low,Oyster,6,,
Paradise Cay,5/20/2019,2,Low,Oyster,8,,
Paradise Cay,5/20/2019,2,Low,Oyster,3,,
Paradise Cay,5/20/2019,2,Low,Oyster,9,,
Paradise Cay,5/20/2019,2,Low,Oyster,12,,
Paradise Cay,5/20/2019,2,Low,Oyster,7,,
Paradise Cay,5/20/2019,2,Low,Oyster,3,,
Paradise Cay,5/20/2019,2,Low,Oyster,8,,
Paradise Cay,5/20/2019,2,Low,Oyster,7,,
Paradise Cay,5/20/2019,2,Low,Oyster,6,,
Paradise Cay,5/20/2019,3,Low,Oyster,32,,
Paradise Cay,5/20/2019,3,Low,Oyster,8,,
Paradise Cay,5/20/2019,3,Low,Oyster,21,,
Paradise Cay,5/20/2019,4,Low,Oyster,20,,
Paradise Cay,5/20/2019,4,Low,Oyster,14,,
Paradise Cay,5/20/2019,4,Low,Oyster,13,,
Paradise Cay,5/20/2019,4,Low,Oyster,7,,
Paradise Cay,5/20/2019,4,Low,Oyster,10,,
Paradise Cay,5/20/2019,4,Low,Oyster,8,,
Paradise Cay,5/20/2019,4,Low,Oyster,7,,
Paradise Cay,5/20/2019,4,Low,Oyster,10,,
Paradise Cay,5/20/2019,4,Low,Oyster,8,,
Paradise Cay,5/20/2019,4,Low,Oyster,7,,
Paradise Cay,5/20/2019,4,Low,Oyster,16,,
Paradise Cay,5/20/2019,4,Low,Oyster,8,,
Pt. Molate,6/8/2019,3,Mid,Limpet,14,,
Pt. Molate,6/8/2019,1,Mid,Mytilus,30,,
Pt. Molate,6/8/2019,1,Mid,Mytilus,41,,
Pt. Molate,6/8/2019,1,Mid,Mytilus,24,,
Pt. Molate,6/8/2019,1,Mid,Mytilus,21,,
Pt. Molate,6/8/2019,1,Mid,Mytilus,30,,
Pt. Molate,6/8/2019,1,Mid,Mytilus,50,,
Pt. Molate,6/8/2019,1,Mid,Mytilus,50,,
Pt. Molate,6/8/2019,1,Mid,Mytilus,25,,
Pt. Molate,6/8/2019,1,Mid,Mytilus,24,,
Pt. Molate,6/8/2019,1,Mid,Mytilus,22,,
Pt. Molate,6/8/2019,2,Mid,Mytilus,51,,
Pt. Molate,6/8/2019,3,Mid,Mytilus,16,,
Pt. Molate,6/8/2019,3,Mid,Mytilus,26,,
Pt. Molate,6/8/2019,3,Mid,Mytilus,35,,
Pt. Molate,6/8/2019,3,Mid,Mytilus,25,,
Pt. Molate,6/8/2019,3,Mid,Mytilus,19,,
Pt. Molate,6/8/2019,3,Mid,Mytilus,26,,
Pt. Molate,6/8/2019,3,Mid,Mytilus,28,,
Pt. Molate,6/8/2019,4,Mid,Mytilus,38,,
Pt. Molate,6/8/2019,4,Mid,Mytilus,20,,
Pt. Molate,6/8/2019,4,Mid,Mytilus,22,,
Pt. Molate,6/8/2019,4,Mid,Mytilus,21,,
Pt. Molate,6/8/2019,4,Mid,Mytilus,15,,
Pt. Molate,6/8/2019,4,Mid,Mytilus,20,,
Pt. Molate,6/8/2019,4,Mid,Mytilus,16,,
Pt. Molate,6/8/2019,4,Mid,Mytilus,24,,
Pt. Molate,6/8/2019,4,Mid,Mytilus,20,,
Pt. Molate,6/8/2019,4,Mid,Mytilus,26,,
Pt. Molate,6/8/2019,5,Mid,Mytilus,13,,
Pt. Molate,6/8/2019,5,Mid,Mytilus,19,,
Pt. Molate,6/8/2019,5,Mid,Mytilus,14,,
Pt. Molate,6/8/2019,1,Mid,Oyster,17,,
Pt. Molate,6/8/2019,1,Mid,Oyster,25,,
Pt. Molate,6/8/2019,1,Mid,Oyster,22,,
Pt. Molate,6/8/2019,2,Mid,Oyster,25,,
Pt. Molate,6/8/2019,2,Mid,Oyster,14,,
Pt. Molate,6/8/2019,2,Mid,Oyster,16,,
Pt. Molate,6/8/2019,2,Mid,Oyster,18,,
Pt. Molate,6/8/2019,2,Mid,Oyster,26,,
Pt. Molate,6/8/2019,2,Mid,Oyster,36,,
Pt. Molate,6/8/2019,2,Mid,Oyster,16,,
Pt. Molate,6/8/2019,2,Mid,Oyster,21,,
Pt. Molate,6/8/2019,2,Mid,Oyster,15,,
Pt. Molate,6/8/2019,2,Mid,Oyster,14,,
Pt. Molate,6/8/2019,3,Mid,Oyster,17,,
Pt. Molate,6/8/2019,3,Mid,Oyster,16,,
Pt. Molate,6/8/2019,3,Mid,Oyster,18,,
Pt. Molate,6/8/2019,3,Mid,Oyster,21,,
Pt. Molate,6/8/2019,3,Mid,Oyster,16,,
Pt. Molate,6/8/2019,3,Mid,Oyster,18,,
Pt. Molate,6/8/2019,3,Mid,Oyster,18,,
Pt. Molate,6/8/2019,3,Mid,Oyster,18,,
Pt. Molate,6/8/2019,3,Mid,Oyster,15,,
Pt. Molate,6/8/2019,4,Mid,Oyster,20,,
Pt. Molate,6/8/2019,4,Mid,Oyster,11,,
Pt. Molate,6/8/2019,4,Mid,Oyster,30,,
Pt. Molate,6/8/2019,4,Mid,Oyster,42,,
Pt. Chauncey,4/24/2019,4,Low,Mytilus,17,,
Pt. Chauncey,4/24/2019,4,Low,Mytilus,17,,
Pt. Chauncey,4/24/2019,4,Low,Mytilus,18,,
Pt. Chauncey,4/24/2019,4,Low,Mytilus,11,,
Pt. Chauncey,4/24/2019,4,Low,Oyster,35,,
Pt. Chauncey Beach N,5/12/2019,2,Mid,Limpet,2,,
Pt. Chauncey Beach N,5/12/2019,1,Low,Mytilus,24,,
Pt. Chauncey Beach N,5/12/2019,1,Low,Mytilus,3,,
Pt. Chauncey Beach N,5/12/2019,1,Low,Mytilus,13,,
Pt. Chauncey Beach N,5/12/2019,1,Low,Mytilus,6,,
Pt. Chauncey Beach N,5/12/2019,1,Low,Mytilus,5,,
Pt. Chauncey Beach N,5/12/2019,1,Low,Mytilus,2,,
Pt. Chauncey Beach N,5/12/2019,1,Low,Mytilus,5,,
Pt. Chauncey Beach N,5/12/2019,1,Low,Mytilus,30,,
Pt. Chauncey Beach N,5/12/2019,1,Low,Mytilus,15,,
Pt. Chauncey Beach N,5/12/2019,1,Low,Mytilus,29,,
Pt. Chauncey Beach N,5/12/2019,2,Low,Mytilus,12,,
Pt. Chauncey Beach N,5/12/2019,2,Low,Mytilus,12,,
Pt. Chauncey Beach N,5/12/2019,2,Low,Mytilus,10,,
Pt. Chauncey Beach N,5/12/2019,5,Low,Mytilus,4,,
Pt. Chauncey Beach N,5/12/2019,4,Low,Oyster,18,,
Pt. Chauncey Beach N,5/12/2019,4,Low,Oyster,22,,
Pt. Chauncey Beach N,5/12/2019,4,Low,Oyster,11,,
Pt. Chauncey Beach N,5/12/2019,4,Low,Oyster,11,,
Pt. Chauncey Beach N,5/12/2019,5,Low,Oyster,32,,
Pt. Chauncey Beach N,5/12/2019,5,Low,Oyster,33,,
Pt. Chauncey Beach N,5/12/2019,1,Low,Rmuss,8,,
Pt. Chauncey Beach N,5/12/2019,1,Low,Rmuss,5,,
Pt. Chauncey Beach S,4/24/2019,1,Mid,Mytilus,10,,
Pt. Chauncey Beach S,4/24/2019,2,Low,Mytilus,20,,
Pt. Chauncey Beach S,4/24/2019,2,Low,Mytilus,8,,
Pt. Chauncey Beach S,4/24/2019,2,Low,Mytilus,30,,
Pt. Chauncey Beach S,4/24/2019,1,Mid,Oyster,17,,
Pt. Chauncey Beach S,4/24/2019,1,Mid,Oyster,7,,
Pt. Chauncey Beach S,4/24/2019,2,Mid,Oyster,27,,
Pt. Chauncey Beach S,4/24/2019,2,Mid,Oyster,5,,
Pt. Orient N,6/18/2019,1,Mid,Oyster,31,,
Pt. Orient N,6/18/2019,1,Mid,Oyster,39,,
Pt. Orient N,6/18/2019,1,Mid,Oyster,43,,
Pt. Orient N,6/18/2019,1,Mid,Oyster,31,,
Pt. Orient N,6/18/2019,1,Mid,Oyster,31,,
Pt. Orient N,6/18/2019,1,Mid,Oyster,33,,
Pt. Orient N,6/18/2019,1,Mid,Oyster,37,,
Pt. Orient N,6/18/2019,1,Mid,Oyster,16,,
Pt. Orient N,6/18/2019,1,Mid,Oyster,18,,
Pt. Orient N,6/18/2019,1,Mid,Oyster,18,,
Pt. Orient N,6/18/2019,1,Low,Oyster,21,,
Pt. Orient N,6/18/2019,1,Low,Oyster,23,,
Pt. Orient N,6/18/2019,1,Low,Oyster,14,,
Pt. Orient N,6/18/2019,1,Low,Oyster,38,,
Pt. Orient N,6/18/2019,1,Low,Oyster,24,,
Pt. Orient N,6/18/2019,1,Low,Oyster,22,,
Pt. Orient N,6/18/2019,2,Mid,Oyster,22,,
Pt. Orient N,6/18/2019,2,Mid,Oyster,23,,
Pt. Orient N,6/18/2019,2,Mid,Oyster,41,,
Pt. Orient N,6/18/2019,2,Mid,Oyster,32,,
Pt. Orient N,6/18/2019,2,Mid,Oyster,34,,
Pt. Orient N,6/18/2019,2,Mid,Oyster,29,,
Pt. Orient N,6/18/2019,2,Mid,Oyster,25,,
Pt. Orient N,6/18/2019,2,Mid,Oyster,31,,
Pt. Orient N,6/18/2019,2,Mid,Oyster,26,,
Pt. Orient N,6/18/2019,2,Mid,Oyster,22,,
Pt. Orient N,6/18/2019,2,Low,Oyster,24,,
Pt. Orient N,6/18/2019,2,Low,Oyster,31,,
Pt. Orient N,6/18/2019,2,Low,Oyster,32,,
Pt. Orient N,6/18/2019,2,Low,Oyster,22,,
Pt. Orient N,6/18/2019,2,Low,Oyster,25,,
Pt. Orient N,6/18/2019,2,Low,Oyster,41,,
Pt. Orient N,6/18/2019,2,Low,Oyster,18,,
Pt. Orient N,6/18/2019,2,Low,Oyster,14,,
Pt. Orient N,6/18/2019,2,Low,Oyster,27,,
Pt. Orient N,6/18/2019,2,Low,Oyster,37,,
Pt. Orient N,6/18/2019,3,Mid,Oyster,21,,
Pt. Orient N,6/18/2019,3,Mid,Oyster,29,,
Pt. Orient N,6/18/2019,3,Mid,Oyster,18,,
Pt. Orient N,6/18/2019,3,Low,Oyster,39,,
Pt. Orient N,6/18/2019,3,Low,Oyster,34,,
Pt. Orient N,6/18/2019,3,Low,Oyster,32,,
Pt. Orient N,6/18/2019,3,Low,Oyster,36,,
Pt. Orient N,6/18/2019,3,Low,Oyster,28,,
Pt. Orient N,6/18/2019,3,Low,Oyster,22,,
Pt. Orient N,6/18/2019,3,Low,Oyster,14,,
Pt. Orient N,6/18/2019,3,Low,Oyster,36,,
Pt. Orient N,6/18/2019,3,Low,Oyster,29,,
Pt. Orient N,6/18/2019,3,Low,Oyster,19,,
Pt. Orient N,6/18/2019,4,Mid,Oyster,9,,
Pt. Orient N,6/18/2019,4,Mid,Oyster,12,,
Pt. Orient N,6/18/2019,4,Mid,Oyster,11,,
Pt. Orient N,6/18/2019,4,Mid,Oyster,42,,
Pt. Orient N,6/18/2019,4,Mid,Oyster,31,,
Pt. Orient N,6/18/2019,4,Mid,Oyster,25,,
Pt. Orient N,6/18/2019,4,Mid,Oyster,19,,
Pt. Orient N,6/18/2019,4,Mid,Oyster,18,,
Pt. Orient N,6/18/2019,4,Mid,Oyster,31,,
Pt. Orient N,6/18/2019,4,Mid,Oyster,17,,
Pt. Orient N,6/18/2019,4,Low,Oyster,34,,
Pt. Orient N,6/18/2019,4,Low,Oyster,29,,
Pt. Orient N,6/18/2019,4,Low,Oyster,21,,
Pt. Orient N,6/18/2019,4,Low,Oyster,22,,
Pt. Orient N,6/18/2019,4,Low,Oyster,29,,
Pt. Orient N,6/18/2019,5,Mid,Oyster,34,,
Pt. Orient N,6/18/2019,5,Mid,Oyster,14,,
Pt. Orient N,6/18/2019,5,Mid,Oyster,18,,
Pt. Orient N,6/18/2019,5,Mid,Oyster,13,,
Pt. Orient N,6/18/2019,5,Mid,Oyster,24,,
Pt. Orient N,6/18/2019,5,Mid,Oyster,19,,
Pt. Orient N,6/18/2019,5,Mid,Oyster,17,,
Pt. Orient N,6/18/2019,5,Mid,Oyster,42,,
Pt. Orient N,6/18/2019,5,Mid,Oyster,37,,
Pt. Orient N,6/18/2019,5,Mid,Oyster,23,,
Pt. Orient N,6/18/2019,5,Low,Oyster,39,,
Pt. Orient N,6/18/2019,5,Low,Oyster,38,,
Pt. Orient N,6/18/2019,5,Low,Oyster,23,,
Pt. Orient N,6/18/2019,5,Low,Oyster,17,,
Pt. Orient N,6/18/2019,5,Low,Oyster,37,,
Pt. Orient N,6/18/2019,5,Low,Oyster,33,,
Pt. Orient N,6/18/2019,5,Low,Oyster,16,,
Pt. Orient N,6/18/2019,5,Low,Oyster,24,,
Pt. Orient N,6/18/2019,5,Low,Oyster,27,,
Pt. Orient N,6/18/2019,5,Low,Oyster,12,,
Pt. Orient S,6/18/2019,1,Mid,Limpet,9,,
Pt. Orient S,6/18/2019,3,Mid,Limpet,4,,
Pt. Orient S,6/18/2019,1,Mid,Mytilus,6,,
Pt. Orient S,6/18/2019,1,Mid,Mytilus,16,,
Pt. Orient S,6/18/2019,1,Mid,Mytilus,11,,
Pt. Orient S,6/18/2019,1,Mid,Mytilus,12,,
Pt. Orient S,6/18/2019,1,Mid,Mytilus,26,,
Pt. Orient S,6/18/2019,1,Low,Mytilus,38,,
Pt. Orient S,6/18/2019,1,Low,Mytilus,16,,
Pt. Orient S,6/18/2019,1,Low,Mytilus,21,,
Pt. Orient S,6/18/2019,1,Low,Mytilus,27,,
Pt. Orient S,6/18/2019,1,Low,Mytilus,14,,
Pt. Orient S,6/18/2019,1,Low,Mytilus,11,,
Pt. Orient S,6/18/2019,1,Low,Mytilus,16,,
Pt. Orient S,6/18/2019,1,Low,Mytilus,20,,
Pt. Orient S,6/18/2019,2,Mid,Mytilus,8,,
Pt. Orient S,6/18/2019,2,Mid,Mytilus,36,,
Pt. Orient S,6/18/2019,2,Mid,Mytilus,14,,
Pt. Orient S,6/18/2019,2,Mid,Mytilus,11,,
Pt. Orient S,6/18/2019,2,Mid,Mytilus,21,,
Pt. Orient S,6/18/2019,2,Mid,Mytilus,14,,
Pt. Orient S,6/18/2019,2,Mid,Mytilus,11,,
Pt. Orient S,6/18/2019,2,Mid,Mytilus,21,,
Pt. Orient S,6/18/2019,2,Mid,Mytilus,24,,
Pt. Orient S,6/18/2019,2,Mid,Mytilus,14,,
Pt. Orient S,6/18/2019,2,Mid,Mytilus,34,,
Pt. Orient S,6/18/2019,2,Low,Mytilus,16,,
Pt. Orient S,6/18/2019,2,Low,Mytilus,8,,
Pt. Orient S,6/18/2019,2,Low,Mytilus,19,,
Pt. Orient S,6/18/2019,3,Mid,Mytilus,11,,
Pt. Orient S,6/18/2019,3,Mid,Mytilus,29,,
Pt. Orient S,6/18/2019,3,Mid,Mytilus,16,,
Pt. Orient S,6/18/2019,3,Mid,Mytilus,56,,
Pt. Orient S,6/18/2019,3,Low,Mytilus,15,,
Pt. Orient S,6/18/2019,3,Low,Mytilus,5,,
Pt. Orient S,6/18/2019,1,Low,Oyster,15,,
Pt. Orient S,6/18/2019,1,Low,Oyster,39,,
Pt. Orient S,6/18/2019,1,Low,Oyster,15,,
Pt. Orient S,6/18/2019,1,Low,Oyster,17,,
Pt. Orient S,6/18/2019,1,Low,Oyster,12,,
Pt. Orient S,6/18/2019,1,Low,Oyster,21,,
Pt. Orient S,6/18/2019,1,Low,Oyster,16,,
Pt. Orient S,6/18/2019,1,Low,Oyster,9,,
Pt. Orient S,6/18/2019,1,Low,Oyster,18,,
Pt. Orient S,6/18/2019,1,Low,Oyster,17,,
Pt. Orient S,6/18/2019,2,Mid,Oyster,28,,
Pt. Orient S,6/18/2019,2,Mid,Oyster,24,,
Pt. Orient S,6/18/2019,2,Mid,Oyster,40,,
Pt. Orient S,6/18/2019,2,Mid,Oyster,27,,
Pt. Orient S,6/18/2019,2,Mid,Oyster,18,,
Pt. Orient S,6/18/2019,2,Mid,Oyster,27,,
Pt. Orient S,6/18/2019,2,Mid,Oyster,31,,
Pt. Orient S,6/18/2019,2,Mid,Oyster,29,,
Pt. Orient S,6/18/2019,2,Low,Oyster,18,,
Pt. Orient S,6/18/2019,2,Low,Oyster,20,,
Pt. Orient S,6/18/2019,2,Low,Oyster,22,,
Pt. Orient S,6/18/2019,2,Low,Oyster,21,,
Pt. Orient S,6/18/2019,2,Low,Oyster,14,,
Pt. Orient S,6/18/2019,2,Low,Oyster,31,,
Pt. Orient S,6/18/2019,2,Low,Oyster,17,,
Pt. Orient S,6/18/2019,2,Low,Oyster,36,,
Pt. Orient S,6/18/2019,2,Low,Oyster,20,,
Pt. Orient S,6/18/2019,2,Low,Oyster,17,,
Pt. Orient S,6/18/2019,2,Low,Oyster,12,,
Pt. Orient S,6/18/2019,3,Mid,Oyster,9,,
Pt. Orient S,6/18/2019,3,Mid,Oyster,11,,
Pt. Orient S,6/18/2019,3,Mid,Oyster,34,,
Pt. Orient S,6/18/2019,3,Mid,Oyster,44,,
Pt. Orient S,6/18/2019,3,Low,Oyster,12,,
Pt. Orient S,6/18/2019,3,Low,Oyster,16,,
Pt. Orient S,6/18/2019,3,Low,Oyster,34,,
Pt. Orient S,6/18/2019,3,Low,Oyster,28,,
Pt. Orient S,6/18/2019,3,Low,Oyster,27,,
Pt. Orient S,6/18/2019,3,Low,Oyster,33,,
Pt. Orient S,6/18/2019,3,Low,Oyster,24,,
Pt. Orient S,6/18/2019,3,Low,Oyster,24,,
Pt. Orient S,6/18/2019,3,Low,Oyster,29,,
Pt. Orient S,6/18/2019,3,Low,Oyster,24,,
Pt. San Pablo,6/19/2019,1,Low,Musc,9,,
Pt. San Pablo,6/19/2019,1,Low,Mytilus,11,,
Pt. San Pablo,6/19/2019,2,Low,Mytilus,15,,
Pt. San Pablo,6/19/2019,2,Low,Mytilus,13,,
Pt. San Pablo,6/19/2019,3,Mid,Mytilus,19,,
Pt. San Pablo,6/19/2019,3,Low,Mytilus,14,,
Pt. San Pablo,6/19/2019,3,Low,Mytilus,5,,
Pt. San Pablo,6/19/2019,3,Low,Mytilus,25,,
Pt. San Pablo,6/19/2019,4,Low,Mytilus,8,,
Pt. San Pablo,6/19/2019,4,Low,Mytilus,11,,
Pt. San Pablo,6/19/2019,4,Low,Mytilus,5,,
Pt. San Pablo,6/19/2019,4,Low,Mytilus,14,,
Pt. San Pablo,6/19/2019,4,Low,Mytilus,21,,
Pt. San Pablo,6/19/2019,4,Low,Mytilus,14,,
Pt. San Pablo,6/19/2019,4,Low,Mytilus,19,,
Pt. San Pablo,6/19/2019,4,Low,Mytilus,18,,
Pt. San Pablo,6/19/2019,4,Low,Mytilus,20,,
Pt. San Pablo,6/19/2019,4,Low,Mytilus,11,,
Pt. San Pablo,6/19/2019,5,Mid,Mytilus,6,,
Pt. San Pablo,6/19/2019,5,Mid,Mytilus,13,,
Pt. San Pablo,6/19/2019,1,Low,Oyster,16,,
Pt. San Pablo,6/19/2019,1,Low,Oyster,10,,
Pt. San Pablo,6/19/2019,1,Low,Oyster,19,,
Pt. San Pablo,6/19/2019,1,Low,Oyster,12,,
Pt. San Pablo,6/19/2019,1,Low,Oyster,29,,
Pt. San Pablo,6/19/2019,1,Low,Oyster,20,,
Pt. San Pablo,6/19/2019,1,Low,Oyster,25,,
Pt. San Pablo,6/19/2019,1,Low,Oyster,21,,
Pt. San Pablo,6/19/2019,1,Low,Oyster,16,,
Pt. San Pablo,6/19/2019,1,Low,Oyster,16,,
Pt. San Pablo,6/19/2019,2,Low,Oyster,38,,
Pt. San Pablo,6/19/2019,2,Low,Oyster,12,,
Pt. San Pablo,6/19/2019,2,Low,Oyster,24,,
Pt. San Pablo,6/19/2019,2,Low,Oyster,42,,
Pt. San Pablo,6/19/2019,2,Low,Oyster,22,,
Pt. San Pablo,6/19/2019,2,Low,Oyster,20,,
Pt. San Pablo,6/19/2019,2,Low,Oyster,20,,
Pt. San Pablo,6/19/2019,2,Low,Oyster,38,,
Pt. San Pablo,6/19/2019,2,Low,Oyster,16,,
Pt. San Pablo,6/19/2019,2,Low,Oyster,12,,
Pt. San Pablo,6/19/2019,3,Low,Oyster,42,,
Pt. San Pablo,6/19/2019,3,Low,Oyster,49,,
Pt. San Pablo,6/19/2019,3,Low,Oyster,13,,
Pt. San Pablo,6/19/2019,3,Low,Oyster,8,,
Pt. San Pablo,6/19/2019,3,Low,Oyster,5,,
Pt. San Pablo,6/19/2019,3,Low,Oyster,17,,
Pt. San Pablo,6/19/2019,3,Low,Oyster,19,,
Pt. San Pablo,6/19/2019,3,Low,Oyster,37,,
Pt. San Pablo,6/19/2019,4,Mid,Oyster,19,,
Pt. San Pablo,6/19/2019,4,Low,Oyster,34,,
Pt. San Pablo,6/19/2019,4,Low,Oyster,26,,
Pt. San Pablo,6/19/2019,4,Low,Oyster,24,,
Pt. San Pablo,6/19/2019,4,Low,Oyster,12,,
Pt. San Pablo,6/19/2019,4,Low,Oyster,11,,
Pt. San Pablo,6/19/2019,4,Low,Oyster,8,,
Pt. San Pablo,6/19/2019,4,Low,Oyster,14,,
Pt. San Pablo,6/19/2019,4,Low,Oyster,25,,
Pt. San Pablo,6/19/2019,4,Low,Oyster,34,,
Pt. San Pablo,6/19/2019,4,Low,Oyster,38,,
Pt. San Pablo,6/19/2019,5,Mid,Oyster,11,,
Pt. San Pablo,6/19/2019,5,Mid,Oyster,19,,
Pt. San Pablo,6/19/2019,5,Mid,Oyster,21,,
Pt. San Pablo,6/19/2019,5,Mid,Oyster,15,,
Pt. San Pablo,6/19/2019,5,Mid,Oyster,23,,
Pt. San Pablo,6/19/2019,5,Mid,Oyster,9,,
Pt. San Pablo,6/19/2019,5,Low,Oyster,22,,
Pt. San Pablo,6/19/2019,5,Low,Oyster,35,,
Pt. San Pablo,6/19/2019,5,Low,Oyster,25,,
RTC Beach,5/11/2019,1,Mid,Limpet,3,,
RTC Beach,5/11/2019,2,Low,Limpet,3,,
RTC Beach,5/11/2019,3,Mid,Limpet,2,,
RTC Beach,5/11/2019,3,Mid,Limpet,4,,
RTC Beach,5/11/2019,4,Mid,Limpet,4,,
RTC Beach,5/11/2019,4,Low,Limpet,4,,
RTC Beach,5/11/2019,5,Mid,Limpet,1,,
RTC Beach,5/11/2019,5,Mid,Limpet,2,,
RTC Beach,5/11/2019,5,Mid,Limpet,2,,
RTC Beach,5/11/2019,5,Mid,Limpet,2,,
RTC Beach,5/11/2019,5,Mid,Limpet,2,,
RTC Beach,5/11/2019,5,Mid,Limpet,2,,
RTC Beach,5/11/2019,5,Low,Limpet,3,,
RTC Beach,5/11/2019,4,Mid,Littorine,3,,
RTC Beach,5/11/2019,4,Mid,Littorine,2,,
RTC Beach,5/11/2019,5,Mid,Littorine,2,,
RTC Beach,5/11/2019,5,Mid,Littorine,1,,
RTC Beach,5/11/2019,1,Low,Mytilus,11,,
RTC Beach,5/11/2019,2,Low,Mytilus,2,,
RTC Beach,5/11/2019,3,Low,Mytilus,2,,
RTC Beach,5/11/2019,3,Mid,Oyster,9,,
RTC Beach,5/11/2019,3,Mid,Oyster,22,,
RTC Beach,5/11/2019,3,Mid,Oyster,21,,
RTC Beach,5/11/2019,3,Mid,Oyster,12,,
RTC Beach,5/11/2019,3,Mid,Oyster,15,,
RTC Beach,5/11/2019,3,Mid,Oyster,18,,
RTC Beach,5/11/2019,3,Mid,Oyster,23,,
RTC Beach,5/11/2019,3,Mid,Oyster,11,,
RTC Beach,5/11/2019,3,Mid,Oyster,24,,
RTC Beach,5/11/2019,3,Mid,Oyster,24,,
RTC Beach,5/11/2019,3,Low,Oyster,4,,
RTC North Dock,6/5/2019,1,Mid,Limpet,8,,
RTC North Dock,6/5/2019,1,Mid,Limpet,6,,
RTC North Dock,6/5/2019,1,Mid,Limpet,8,,
RTC North Dock,6/5/2019,1,Mid,Limpet,7,,
RTC North Dock,6/5/2019,1,Mid,Limpet,9,,
RTC North Dock,6/5/2019,3,Mid,Limpet,7,,
RTC North Dock,6/5/2019,3,Mid,Limpet,11,,
RTC North Dock,6/5/2019,3,Mid,Limpet,7,,
RTC North Dock,6/5/2019,3,Mid,Limpet,8,,
RTC North Dock,6/5/2019,3,Mid,Limpet,7,,
RTC North Dock,6/5/2019,3,Mid,Limpet,10,,
RTC North Dock,6/5/2019,3,Mid,Limpet,13,,
RTC North Dock,6/5/2019,4,Mid,Limpet,8,,
RTC North Dock,6/5/2019,4,Mid,Limpet,12,,
RTC North Dock,6/5/2019,4,Mid,Littorine,7,,
RTC North Dock,6/5/2019,1,Low,Mytilus,15,,
RTC North Dock,6/5/2019,1,Low,Mytilus,7,,
RTC North Dock,6/5/2019,1,Low,Mytilus,7,,
RTC North Dock,6/5/2019,1,Low,Mytilus,8,,
RTC North Dock,6/5/2019,1,Low,Mytilus,3,,
RTC North Dock,6/5/2019,1,Low,Mytilus,5,,
RTC North Dock,6/5/2019,1,Low,Mytilus,5,,
RTC North Dock,6/5/2019,1,Low,Mytilus,5,,
RTC North Dock,6/5/2019,1,Low,Mytilus,2,,
RTC North Dock,6/5/2019,1,Low,Mytilus,3,,
RTC North Dock,6/5/2019,2,Low,Mytilus,25,,
RTC North Dock,6/5/2019,2,Low,Mytilus,32,,
RTC North Dock,6/5/2019,2,Low,Mytilus,21,,
RTC North Dock,6/5/2019,2,Low,Mytilus,8,,
RTC North Dock,6/5/2019,2,Low,Mytilus,8,,
RTC North Dock,6/5/2019,2,Low,Mytilus,6,,
RTC North Dock,6/5/2019,2,Low,Mytilus,3,,
RTC North Dock,6/5/2019,2,Low,Mytilus,7,,
RTC North Dock,6/5/2019,2,Low,Mytilus,5,,
RTC North Dock,6/5/2019,2,Low,Mytilus,9,,
RTC North Dock,6/5/2019,3,Mid,Mytilus,5,,
RTC North Dock,6/5/2019,1,Low,Oyster,9,,
RTC North Dock,6/5/2019,3,Mid,Oyster,41,,
RTC North Dock,6/5/2019,3,Mid,Oyster,22,,
RTC North Dock,6/5/2019,3,Mid,Oyster,5,,
RTC North Dock,6/5/2019,3,Mid,Oyster,28,,
RTC North Dock,6/5/2019,3,Mid,Oyster,15,,
RTC North Dock,6/5/2019,3,Mid,Oyster,15,,
RTC North Dock,6/5/2019,3,Mid,Oyster,24,,
RTC North Dock,6/5/2019,3,Mid,Oyster,25,,
RTC North Dock,6/5/2019,3,Mid,Oyster,12,,
RTC North Dock,6/5/2019,3,Mid,Oyster,14,,
RTC Theater,5/7/2019,3,Mid,Limpet,1,,
RTC Theater,5/7/2019,3,Mid,Limpet,3,,
RTC Theater,5/7/2019,3,Low,Limpet,11,,
RTC Theater,5/7/2019,3,Low,Limpet,13,,
RTC Theater,5/7/2019,3,Low,Limpet,8,,
RTC Theater,5/7/2019,3,Low,Limpet,11,,
RTC Theater,5/7/2019,3,Low,Limpet,11,,
RTC Theater,5/7/2019,3,Low,Limpet,11,,
RTC Theater,5/7/2019,3,Low,Limpet,9,,
RTC Theater,5/7/2019,3,Low,Limpet,10,,
RTC Theater,5/7/2019,3,Low,Limpet,10,,
RTC Theater,5/7/2019,3,Low,Limpet,6,,
RTC Theater,5/7/2019,4,High,Limpet,18,,
RTC Theater,5/7/2019,4,High,Limpet,17,,
RTC Theater,5/7/2019,4,High,Limpet,12,,
RTC Theater,5/7/2019,4,High,Limpet,14,,
RTC Theater,5/7/2019,4,High,Limpet,12,,
RTC Theater,5/7/2019,4,High,Limpet,10,,
RTC Theater,5/7/2019,4,High,Limpet,9,,
RTC Theater,5/7/2019,4,High,Limpet,5,,
RTC Theater,5/7/2019,4,High,Limpet,13,,
RTC Theater,5/7/2019,5,Mid,Limpet,3,,
RTC Theater,5/7/2019,5,Mid,Limpet,4,,
RTC Theater,5/7/2019,5,Mid,Limpet,6,,
RTC Theater,5/7/2019,5,Mid,Limpet,4,,
RTC Theater,5/7/2019,5,Mid,Limpet,8,,
RTC Theater,5/7/2019,5,Mid,Limpet,1,,
RTC Theater,5/7/2019,5,Mid,Limpet,2,,
RTC Theater,5/7/2019,5,Mid,Limpet,2,,
RTC Theater,5/7/2019,5,Mid,Limpet,5,,
RTC Theater,5/7/2019,5,Mid,Limpet,6,,
RTC Theater,5/7/2019,5,High,Limpet,18,,
RTC Theater,5/7/2019,5,High,Limpet,11,,
RTC Theater,5/7/2019,5,High,Limpet,17,,
RTC Theater,5/7/2019,1,Mid,Oyster,6,,
San Quentin Beach,6/7/2019,2,Low,Clam,8,,
San Quentin Beach,6/7/2019,1,Mid,Mytilus,15,,
San Quentin Beach,6/7/2019,1,Mid,Mytilus,16,,
San Quentin Beach,6/7/2019,1,Mid,Mytilus,24,,
San Quentin Beach,6/7/2019,1,Mid,Mytilus,16,,
San Quentin Beach,6/7/2019,1,Mid,Mytilus,24,,
San Quentin Beach,6/7/2019,1,Mid,Mytilus,16,,
San Quentin Beach,6/7/2019,1,Mid,Mytilus,12,,
San Quentin Beach,6/7/2019,1,Mid,Mytilus,21,,
San Quentin Beach,6/7/2019,1,Mid,Mytilus,31,,
San Quentin Beach,6/7/2019,1,Mid,Mytilus,12,,
San Quentin Beach,6/7/2019,1,Low,Mytilus,23,,
San Quentin Beach,6/7/2019,1,Low,Mytilus,9,,
San Quentin Beach,6/7/2019,2,Mid,Mytilus,29,,
San Quentin Beach,6/7/2019,2,Mid,Mytilus,9,,
San Quentin Beach,6/7/2019,2,Mid,Mytilus,12,,
San Quentin Beach,6/7/2019,2,Mid,Mytilus,26,,
San Quentin Beach,6/7/2019,2,Mid,Mytilus,34,,
San Quentin Beach,6/7/2019,2,Mid,Mytilus,36,,
San Quentin Beach,6/7/2019,2,Mid,Mytilus,10,,
San Quentin Beach,6/7/2019,2,Mid,Mytilus,23,,
San Quentin Beach,6/7/2019,2,Mid,Mytilus,21,,
San Quentin Beach,6/7/2019,2,Mid,Mytilus,19,,
San Quentin Beach,6/7/2019,2,Mid,Mytilus,8,,
San Quentin Beach,6/7/2019,2,Low,Mytilus,49,,
San Quentin Beach,6/7/2019,2,Low,Mytilus,35,,
San Quentin Beach,6/7/2019,3,Mid,Mytilus,9,,
San Quentin Beach,6/7/2019,3,Mid,Mytilus,28,,
San Quentin Beach,6/7/2019,3,Mid,Mytilus,19,,
San Quentin Beach,6/7/2019,3,Mid,Mytilus,60,,
San Quentin Beach,6/7/2019,3,Mid,Mytilus,67,,
San Quentin Beach,6/7/2019,3,Mid,Mytilus,39,,
San Quentin Beach,6/7/2019,3,Mid,Mytilus,21,,
San Quentin Beach,6/7/2019,3,Mid,Mytilus,12,,
San Quentin Beach,6/7/2019,3,Mid,Mytilus,9,,
San Quentin Beach,6/7/2019,3,Mid,Mytilus,16,,
San Quentin Beach,6/7/2019,3,Low,Mytilus,9,,
San Quentin Beach,6/7/2019,4,Mid,Mytilus,17,,
San Quentin Beach,6/7/2019,4,Mid,Mytilus,17,,
San Quentin Beach,6/7/2019,4,Mid,Mytilus,13,,
San Quentin Beach,6/7/2019,4,Low,Mytilus,10,,
San Quentin Beach,6/7/2019,4,Mid,Mytilus,8,,
San Quentin Beach,6/7/2019,4,Mid,Mytilus,6,,
San Quentin Beach,6/7/2019,5,Mid,Mytilus,14,,
San Quentin Beach,6/7/2019,5,Mid,Mytilus,17,,
San Quentin Beach,6/7/2019,5,Mid,Mytilus,17,,
San Quentin Beach,6/7/2019,5,Mid,Mytilus,11,,
San Quentin Beach,6/7/2019,5,Mid,Mytilus,8,,
San Quentin Beach,6/7/2019,5,Mid,Mytilus,6,,
San Quentin Beach,6/7/2019,5,Mid,Mytilus,9,,
San Quentin Beach,6/7/2019,5,Mid,Mytilus,23,,
San Quentin Beach,6/7/2019,5,Mid,Mytilus,8,,
San Quentin Beach,6/7/2019,5,Mid,Mytilus,6,,
San Quentin Beach,6/7/2019,5,Low,Mytilus,16,,
San Quentin Beach,6/7/2019,5,Low,Mytilus,11,,
San Quentin Beach,6/7/2019,5,Low,Mytilus,17,,
San Quentin Beach,6/7/2019,5,Low,Mytilus,12,,
San Quentin Beach,6/7/2019,1,Low,Oyster,15,,
San Quentin Beach,6/7/2019,1,Low,Oyster,10,,
San Quentin Beach,6/7/2019,1,Low,Oyster,5,,
San Quentin Beach,6/7/2019,1,Low,Oyster,8,,
San Quentin Beach,6/7/2019,1,Low,Oyster,5,,
San Quentin Beach,6/7/2019,1,Low,Oyster,11,,
San Quentin Beach,6/7/2019,2,Mid,Oyster,13,,
San Quentin Beach,6/7/2019,2,Mid,Oyster,26,,
San Quentin Beach,6/7/2019,2,Mid,Oyster,14,,
San Quentin Beach,6/7/2019,2,Low,Oyster,30,,
San Quentin Beach,6/7/2019,2,Low,Oyster,24,,
San Quentin Beach,6/7/2019,2,Low,Oyster,18,,
San Quentin Beach,6/7/2019,2,Low,Oyster,26,,
San Quentin Beach,6/7/2019,2,Low,Oyster,22,,
San Quentin Beach,6/7/2019,2,Low,Oyster,13,,
San Quentin Beach,6/7/2019,2,Low,Oyster,6,,
San Quentin Beach,6/7/2019,2,Low,Oyster,21,,
San Quentin Beach,6/7/2019,2,Low,Oyster,12,,
San Quentin Beach,6/7/2019,2,Low,Oyster,9,,
San Quentin Beach,6/7/2019,3,Low,Oyster,26,,
San Quentin Beach,6/7/2019,3,Low,Oyster,18,,
San Quentin Beach,6/7/2019,3,Low,Oyster,7,,
San Quentin Beach,6/7/2019,3,Low,Oyster,22,,
San Quentin Beach,6/7/2019,4,Low,Oyster,19,,
San Quentin Beach,6/7/2019,4,Low,Oyster,25,,
San Quentin Beach,6/7/2019,4,Low,Oyster,17,,
San Quentin Beach,6/7/2019,4,Low,Oyster,18,,
San Quentin Beach,6/7/2019,4,Low,Oyster,11,,
San Quentin Beach,6/7/2019,4,Low,Oyster,29,,
San Quentin Beach,6/7/2019,4,Low,Oyster,44,,
San Quentin Beach,6/7/2019,4,Low,Oyster,36,,
San Quentin Beach,6/7/2019,4,Low,Oyster,21,,
San Quentin Beach,6/7/2019,4,Low,Oyster,20,,
San Quentin Beach,6/7/2019,5,Low,Oyster,14,,
San Quentin Beach,6/7/2019,5,Low,Oyster,21,,
San Quentin Beach,6/7/2019,5,Low,Oyster,14,,
San Quentin Beach,6/7/2019,5,Low,Oyster,16,,
San Quentin Beach,6/7/2019,5,Low,Oyster,17,,
San Quentin Beach,6/7/2019,5,Low,Oyster,15,,
San Quentin Beach,6/7/2019,5,Low,Oyster,11,,
San Quentin Beach,6/7/2019,5,Low,Oyster,16,,
San Quentin Beach,6/7/2019,5,Low,Oyster,17,,
San Quentin Beach,6/7/2019,5,Low,Oyster,24,,
SF Marina,5/23/2019,1,Mid,Limpet,4,,
SF Marina,5/23/2019,1,Mid,Limpet,11,,
SF Marina,5/23/2019,1,Mid,Limpet,10,,
SF Marina,5/23/2019,1,Mid,Limpet,3,,
SF Marina,5/23/2019,1,Mid,Limpet,7,,
SF Marina,5/23/2019,1,Mid,Limpet,4,,
SF Marina,5/23/2019,1,Mid,Limpet,6,,
SF Marina,5/23/2019,1,Mid,Limpet,4,,
SF Marina,5/23/2019,1,Mid,Limpet,10,,
SF Marina,5/23/2019,1,Mid,Limpet,7,,
SF Marina,5/23/2019,1,Low,Limpet,1,,
SF Marina,5/23/2019,1,Low,Limpet,1,,
SF Marina,5/23/2019,1,Low,Limpet,1,,
SF Marina,5/23/2019,1,Low,Limpet,1,,
SF Marina,5/23/2019,1,Low,Limpet,1,,
SF Marina,5/23/2019,2,Mid,Limpet,6,,
SF Marina,5/23/2019,2,Mid,Limpet,12,,
SF Marina,5/23/2019,2,Mid,Limpet,11,,
SF Marina,5/23/2019,2,Mid,Limpet,11,,
SF Marina,5/23/2019,2,Mid,Limpet,5,,
SF Marina,5/23/2019,2,Mid,Limpet,4,,
SF Marina,5/23/2019,2,Mid,Limpet,18,,
SF Marina,5/23/2019,2,Mid,Limpet,8,,
SF Marina,5/23/2019,2,Mid,Limpet,6,,
SF Marina,5/23/2019,2,Mid,Limpet,12,,
SF Marina,5/23/2019,1,Low,Mytilus,55,,
SF Marina,5/23/2019,1,Low,Mytilus,35,,
SF Marina,5/23/2019,1,Low,Mytilus,36,,
SF Marina,5/23/2019,1,Low,Mytilus,49,,
SF Marina,5/23/2019,1,Low,Mytilus,54,,
SF Marina,5/23/2019,1,Low,Mytilus,29,,
SF Marina,5/23/2019,1,Low,Mytilus,12,,
SF Marina,5/23/2019,2,Mid,Mytilus,7,,
SF Marina,5/23/2019,1,Low,PagH,18,Tegula shell,
Starkweather Park,6/10/2019,2,Mid,Clam,12,,
Starkweather Park,6/10/2019,2,Mid,Clam,10,,
Starkweather Park,6/10/2019,2,Mid,Clam,14,,
Starkweather Park,6/10/2019,2,Mid,Clam,10,,
Starkweather Park,6/10/2019,2,Mid,Clam,9,,
Starkweather Park,6/10/2019,2,Mid,Clam,8,,
Starkweather Park,6/10/2019,2,Mid,Clam,8,,
Starkweather Park,6/10/2019,2,Mid,Clam,5,,
Starkweather Park,6/10/2019,2,Mid,Clam,13,,
Starkweather Park,6/10/2019,2,Mid,Clam,11,,
Starkweather Park,6/10/2019,5,Mid,Clam,8,,
Starkweather Park,6/10/2019,5,Mid,Crab,14,,
Starkweather Park,6/10/2019,5,Mid,Crab,18,,
Starkweather Park,6/10/2019,1,Mid,Mytilus,16,,
Starkweather Park,6/10/2019,1,Mid,Mytilus,37,,
Starkweather Park,6/10/2019,1,Mid,Mytilus,27,,
Starkweather Park,6/10/2019,1,Mid,Mytilus,33,,
Starkweather Park,6/10/2019,1,Mid,Mytilus,8,,
Starkweather Park,6/10/2019,1,Mid,Mytilus,31,,
Starkweather Park,6/10/2019,1,Mid,Mytilus,14,,
Starkweather Park,6/10/2019,1,Mid,Mytilus,46,,
Starkweather Park,6/10/2019,1,Low,Mytilus,27,,
Starkweather Park,6/10/2019,1,Low,Mytilus,26,,
Starkweather Park,6/10/2019,2,Mid,Mytilus,52,,
Starkweather Park,6/10/2019,2,Mid,Mytilus,18,,
Starkweather Park,6/10/2019,2,Mid,Mytilus,17,,
Starkweather Park,6/10/2019,2,Mid,Mytilus,30,,
Starkweather Park,6/10/2019,2,Mid,Mytilus,34,,
Starkweather Park,6/10/2019,2,Mid,Mytilus,28,,
Starkweather Park,6/10/2019,2,Mid,Mytilus,23,,
Starkweather Park,6/10/2019,3,Mid,Mytilus,23,,
Starkweather Park,6/10/2019,3,Mid,Mytilus,26,,
Starkweather Park,6/10/2019,3,Mid,Mytilus,26,,
Starkweather Park,6/10/2019,3,Mid,Mytilus,29,,
Starkweather Park,6/10/2019,3,Mid,Mytilus,25,,
Starkweather Park,6/10/2019,3,Low,Mytilus,22,,
Starkweather Park,6/10/2019,4,Mid,Mytilus,17,,
Starkweather Park,6/10/2019,4,Mid,Mytilus,28,,
Starkweather Park,6/10/2019,4,Mid,Mytilus,31,,
Starkweather Park,6/10/2019,4,Mid,Mytilus,19,,
Starkweather Park,6/10/2019,4,Mid,Mytilus,31,,
Starkweather Park,6/10/2019,4,Mid,Mytilus,17,,
Starkweather Park,6/10/2019,4,Low,Mytilus,20,,
Starkweather Park,6/10/2019,4,Low,Mytilus,18,,
Starkweather Park,6/10/2019,5,Mid,Mytilus,16,,
Starkweather Park,6/10/2019,5,Mid,Mytilus,31,,
Starkweather Park,6/10/2019,5,Mid,Mytilus,21,,
Starkweather Park,6/10/2019,5,Mid,Mytilus,14,,
Starkweather Park,6/10/2019,5,Mid,Mytilus,20,,
Starkweather Park,6/10/2019,5,Mid,Mytilus,25,,
Starkweather Park,6/10/2019,5,Mid,Mytilus,37,,
Starkweather Park,6/10/2019,5,Mid,Mytilus,32,,
Starkweather Park,6/10/2019,5,Mid,Mytilus,27,,
Starkweather Park,6/10/2019,5,Mid,Mytilus,28,,
Starkweather Park,6/10/2019,5,Low,Mytilus,29,,
Starkweather Park,6/10/2019,5,Low,Mytilus,30,,
Starkweather Park,6/10/2019,1,Mid,Oyster,15,,
Starkweather Park,6/10/2019,1,Mid,Oyster,11,,
Starkweather Park,6/10/2019,1,Mid,Oyster,13,,
Starkweather Park,6/10/2019,1,Mid,Oyster,21,,
Starkweather Park,6/10/2019,1,Mid,Oyster,12,,
Starkweather Park,6/10/2019,1,Mid,Oyster,15,,
Starkweather Park,6/10/2019,1,Mid,Oyster,19,,
Starkweather Park,6/10/2019,1,Mid,Oyster,12,,
Starkweather Park,6/10/2019,1,Mid,Oyster,28,,
Starkweather Park,6/10/2019,1,Mid,Oyster,12,,
Starkweather Park,6/10/2019,1,Low,Oyster,24,,
Starkweather Park,6/10/2019,1,Low,Oyster,17,,
Starkweather Park,6/10/2019,1,Low,Oyster,24,,
Starkweather Park,6/10/2019,1,Low,Oyster,17,,
Starkweather Park,6/10/2019,1,Low,Oyster,6,,
Starkweather Park,6/10/2019,1,Low,Oyster,18,,
Starkweather Park,6/10/2019,1,Low,Oyster,25,,
Starkweather Park,6/10/2019,1,Low,Oyster,33,,
Starkweather Park,6/10/2019,1,Low,Oyster,11,,
Starkweather Park,6/10/2019,1,Low,Oyster,9,,
Starkweather Park,6/10/2019,2,Mid,Oyster,11,,
Starkweather Park,6/10/2019,2,Mid,Oyster,12,,
Starkweather Park,6/10/2019,2,Mid,Oyster,20,,
Starkweather Park,6/10/2019,2,Mid,Oyster,18,,
Starkweather Park,6/10/2019,2,Mid,Oyster,13,,
Starkweather Park,6/10/2019,2,Mid,Oyster,6,,
Starkweather Park,6/10/2019,2,Mid,Oyster,19,,
Starkweather Park,6/10/2019,2,Mid,Oyster,34,,
Starkweather Park,6/10/2019,2,Mid,Oyster,15,,
Starkweather Park,6/10/2019,2,Mid,Oyster,10,,
Starkweather Park,6/10/2019,2,Low,Oyster,11,,
Starkweather Park,6/10/2019,2,Low,Oyster,11,,
Starkweather Park,6/10/2019,2,Low,Oyster,19,,
Starkweather Park,6/10/2019,2,Low,Oyster,10,,
Starkweather Park,6/10/2019,2,Low,Oyster,21,,
Starkweather Park,6/10/2019,2,Low,Oyster,11,,
Starkweather Park,6/10/2019,2,Low,Oyster,16,,
Starkweather Park,6/10/2019,2,Low,Oyster,30,,
Starkweather Park,6/10/2019,2,Low,Oyster,28,,
Starkweather Park,6/10/2019,2,Low,Oyster,24,,
Starkweather Park,6/10/2019,2,Low,Oyster,18,,
Starkweather Park,6/10/2019,3,Mid,Oyster,11,,
Starkweather Park,6/10/2019,3,Mid,Oyster,11,,
Starkweather Park,6/10/2019,3,Mid,Oyster,12,,
Starkweather Park,6/10/2019,3,Mid,Oyster,25,,
Starkweather Park,6/10/2019,3,Mid,Oyster,9,,
Starkweather Park,6/10/2019,3,Mid,Oyster,31,,
Starkweather Park,6/10/2019,3,Mid,Oyster,11,,
Starkweather Park,6/10/2019,3,Mid,Oyster,22,,
Starkweather Park,6/10/2019,3,Mid,Oyster,34,,
Starkweather Park,6/11/2019,3,Mid,Oyster,13,,
Starkweather Park,6/10/2019,3,Low,Oyster,9,,
Starkweather Park,6/10/2019,3,Low,Oyster,35,,
Starkweather Park,6/10/2019,3,Low,Oyster,8,,
Starkweather Park,6/10/2019,3,Low,Oyster,7,,
Starkweather Park,6/10/2019,3,Low,Oyster,30,,
Starkweather Park,6/10/2019,3,Low,Oyster,20,,
Starkweather Park,6/10/2019,3,Low,Oyster,24,,
Starkweather Park,6/10/2019,4,Mid,Oyster,17,,
Starkweather Park,6/10/2019,4,Mid,Oyster,18,,
Starkweather Park,6/10/2019,4,Mid,Oyster,25,,
Starkweather Park,6/10/2019,4,Mid,Oyster,21,,
Starkweather Park,6/10/2019,4,Mid,Oyster,29,,
Starkweather Park,6/10/2019,4,Mid,Oyster,29,,
Starkweather Park,6/10/2019,4,Low,Oyster,28,,
Starkweather Park,6/10/2019,4,Low,Oyster,16,,
Starkweather Park,6/10/2019,4,Low,Oyster,20,,
Starkweather Park,6/10/2019,4,Low,Oyster,14,,
Starkweather Park,6/10/2019,4,Low,Oyster,28,,
Starkweather Park,6/10/2019,4,Low,Oyster,11,,
Starkweather Park,6/10/2019,4,Low,Oyster,30,,
Starkweather Park,6/10/2019,4,Low,Oyster,9,,
Starkweather Park,6/10/2019,4,Low,Oyster,7,,
Starkweather Park,6/10/2019,4,Low,Oyster,8,,
Starkweather Park,6/10/2019,5,Mid,Oyster,40,,
Starkweather Park,6/10/2019,5,Mid,Oyster,11,,
Starkweather Park,6/10/2019,5,Mid,Oyster,11,,
Starkweather Park,6/10/2019,5,Low,Oyster,9,,
Starkweather Park,6/10/2019,5,Low,Oyster,14,,
Starkweather Park,6/10/2019,5,Low,Oyster,16,,
Starkweather Park,6/10/2019,5,Low,Oyster,17,,
Starkweather Park,6/10/2019,5,Low,Oyster,12,,
Starkweather Park,6/10/2019,5,Low,Oyster,23,,
Starkweather Park,6/10/2019,5,Low,Oyster,15,,
Starkweather Park,6/10/2019,5,Low,Oyster,13,,
Starkweather Park,6/10/2019,5,Low,Oyster,49,,
Starkweather Park,6/10/2019,5,Low,Oyster,17,,
